index,prediction
0,
1,
2,
3,
4,['80 metre']
5,['80 metre']
6,['80 metre']
7,
8,
9,
10,
11,
12,
13,
14,
15,
16,
17,['12 gram']
18,
19,['240 volt']
20,
21,
22,
23,
24,
25,
26,
27,
28,
29,
30,
31,
32,
33,
34,
35,
36,
37,
38,
39,"['900 metre', '2 inch']"
40,"['900 metre', '2 inch']"
41,
42,"['48 inch', '6 inch']"
43,"['48 inch', '6 inch']"
44,
45,
46,
47,
48,
49,
50,
51,
52,
53,
54,
55,
56,
57,['200 metre']
58,['200 metre']
59,
60,
61,
62,['260 metre']
63,['260 metre']
64,['260 metre']
65,
66,
67,
68,
69,
70,
71,
72,
73,
74,['1500 watt']
75,
76,"['4.7 inch', '3.1 inch']"
77,"['4.7 inch', '3.1 inch']"
78,
79,
80,
81,
82,['5.05 kilogram']
83,
84,
85,
86,
87,
88,
89,
90,
91,
92,
93,
94,
95,"['5.51 inch', '4.92 inch']"
96,"['5.51 inch', '4.92 inch']"
97,
98,['50 metre']
99,"['14.9 inch', '4.33 inch']"
100,['355 metre']
101,
102,
103,
104,
105,
106,
107,
108,
109,
110,
111,
112,['650 watt']
113,
114,
115,
116,
117,
118,['3.9 inch']
119,['3.9 inch']
120,
121,
122,
123,
124,
125,
126,
127,['290 metre']
128,
129,
130,
131,
132,
133,
134,['50 pound']
135,
136,
137,
138,['945 metre']
139,"['100 metre', '3.93 inch', '11.5 metre', '0.45 inch']"
140,"['100 metre', '3.93 inch', '11.5 metre', '0.45 inch']"
141,
142,['2 inch']
143,['2 inch']
144,"['35.4 inch', '3.9 inch']"
145,"['35.4 inch', '3.9 inch']"
146,"['35.4 inch', '3.9 inch']"
147,['4 litre']
148,
149,
150,
151,
152,"['7.86 inch', '3.14 inch']"
153,"['7.86 inch', '3.14 inch']"
154,
155,
156,"['50 metre', '35 metre']"
157,
158,
159,['2.31 pound']
160,
161,
162,
163,
164,
165,
166,
167,['6 kilogram']
168,
169,
170,
171,
172,
173,['1.1 inch']
174,['1.1 inch']
175,
176,
177,['0.79 inch']
178,
179,"['5.9 inch', '300 metre']"
180,"['5.9 inch', '300 metre']"
181,
182,
183,
184,
185,
186,"['2.83 inch', '2 inch']"
187,"['2.83 inch', '2 inch']"
188,"['2.7 inch', '11.0 inch']"
189,"['2.7 inch', '11.0 inch']"
190,
191,
192,
193,['6.2 pound']
194,
195,
196,
197,['40 pound']
198,['33 gram']
199,
200,['14.76 inch']
201,['14.76 inch']
202,['14.76 inch']
203,['10 inch']
204,['10 inch']
205,
206,
207,
208,
209,
210,"['213.5 metre', '85.7 metre']"
211,
212,['250 metre']
213,
214,
215,
216,
217,
218,
219,['6 gram']
220,
221,
222,
223,
224,['3 foot']
225,['3 foot']
226,
227,
228,"['37 pound', '16.8 kilogram']"
229,
230,
231,
232,['364 gram']
233,
234,
235,
236,
237,
238,
239,
240,
241,
242,['8.46 inch']
243,['8.46 inch']
244,['74 inch']
245,
246,
247,"['19.49 inch', '350 metre']"
248,
249,"['2.32 inch', '4.6 inch']"
250,"['2.32 inch', '4.6 inch']"
251,
252,
253,
254,
255,
256,
257,
258,
259,
260,"['135 pound', '33 pound']"
261,"['135 pound', '33 pound']"
262,
263,
264,
265,"['2.55 inch', '2.3 inch']"
266,"['2.55 inch', '2.3 inch']"
267,"['116 inch', '153 inch', '98 inch']"
268,
269,
270,"['2.75 inch', '5.90 inch']"
271,"['2.75 inch', '5.90 inch']"
272,"['2.75 inch', '5.90 inch']"
273,
274,['6.4 inch']
275,['6.4 inch']
276,
277,
278,
279,"['1.9 inch', '8.2 inch']"
280,"['1.9 inch', '8.2 inch']"
281,
282,
283,
284,
285,
286,
287,
288,
289,
290,
291,"['15.3 inch', '3.5 inch']"
292,"['15.3 inch', '3.5 inch']"
293,"['965 gram', '120 kilogram']"
294,"['4.4 inch', '2.55 inch']"
295,"['4.4 inch', '2.55 inch']"
296,
297,
298,
299,
300,
301,
302,
303,
304,
305,['300 metre']
306,
307,
308,
309,['1.8 inch']
310,['1.8 inch']
311,
312,['3.75 pound']
313,
314,"['8.3 inch', '1.96 inch']"
315,"['8.3 inch', '1.96 inch']"
316,"['8.3 inch', '1.96 inch']"
317,
318,
319,
320,"['2.95 inch', '7.86 inch']"
321,"['2.95 inch', '7.86 inch']"
322,
323,
324,
325,"['6.1 inch', '4.53 inch']"
326,"['6.1 inch', '4.53 inch']"
327,
328,
329,
330,
331,
332,"['15.72 inch', '5.89 inch']"
333,"['15.72 inch', '5.89 inch']"
334,
335,
336,
337,"['0.7 inch', '4.9 inch']"
338,"['0.7 inch', '4.9 inch']"
339,
340,
341,
342,
343,
344,
345,
346,
347,
348,
349,
350,['2.8 inch']
351,['2.8 inch']
352,
353,
354,
355,"['95 inch', '12 inch']"
356,"['95 inch', '12 inch']"
357,"['5.0 inch', '3.1 inch']"
358,"['5.0 inch', '3.1 inch']"
359,
360,['0.78 inch']
361,['0.78 inch']
362,
363,
364,
365,
366,
367,
368,
369,
370,
371,
372,
373,
374,
375,
376,
377,
378,
379,
380,
381,
382,
383,
384,
385,
386,['6.5 inch']
387,['6.5 inch']
388,
389,
390,
391,
392,
393,['4.5 inch']
394,['4.5 inch']
395,['4.5 inch']
396,
397,
398,
399,
400,
401,
402,
403,
404,"['7.10 metre', '1000 metre']"
405,"['7.10 metre', '1000 metre']"
406,
407,
408,
409,
410,
411,
412,
413,"['290.5 metre', '135 metre']"
414,
415,
416,
417,
418,"['2.2 inch', '8.3 inch']"
419,"['2.2 inch', '8.3 inch']"
420,
421,
422,
423,
424,
425,
426,
427,
428,"['1.3 inch', '3.14 inch']"
429,"['1.3 inch', '3.14 inch']"
430,
431,
432,['3.9 inch']
433,['3.9 inch']
434,"['3.9 inch', '3.1 inch']"
435,"['3.9 inch', '3.1 inch']"
436,
437,['7.87 inch']
438,['7.87 inch']
439,"['100 metre', '144 metre', '43 metre']"
440,"['100 metre', '144 metre', '43 metre']"
441,
442,['220 volt']
443,
444,
445,
446,
447,['20 gram']
448,['20 gram']
449,
450,
451,
452,
453,
454,
455,"['3.14 inch', '3.74 inch']"
456,"['3.14 inch', '3.74 inch']"
457,"['6.29 inch', '8.26 inch']"
458,"['6.29 inch', '8.26 inch']"
459,
460,
461,
462,
463,
464,
465,
466,
467,
468,
469,"['9 inch', '15.35 inch']"
470,"['9 inch', '15.35 inch']"
471,
472,['3 watt']
473,
474,
475,
476,
477,
478,['43 inch']
479,
480,
481,
482,
483,['57 metre']
484,
485,
486,
487,"['5.9 inch', '3.9 inch']"
488,"['5.9 inch', '3.9 inch']"
489,"['5.9 inch', '3.9 inch']"
490,
491,
492,
493,
494,
495,
496,"['6.37 inch', '1.41 inch']"
497,"['6.37 inch', '1.41 inch']"
498,
499,
500,
501,"['5 volt', '5 volt']"
502,['12 inch']
503,['12 inch']
504,
505,
506,
507,
508,
509,
510,
511,
512,
513,
514,
515,
516,
517,
518,['20 metre']
519,
520,['395 inch']
521,['395 inch']
522,
523,
524,"['3.5 inch', '3.9 inch']"
525,"['3.5 inch', '3.9 inch']"
526,"['3.5 inch', '3.9 inch']"
527,['14.93 inch']
528,['5.1 inch']
529,['5.1 inch']
530,"['5.5 inch', '2.1 inch']"
531,"['5.5 inch', '2.1 inch']"
532,
533,
534,
535,
536,
537,
538,
539,"['594 metre', '1.5 metre', '841 metre']"
540,
541,['21 metre']
542,"['3.5 inch', '3.9 inch']"
543,"['3.5 inch', '3.9 inch']"
544,
545,
546,
547,
548,['14 volt']
549,
550,
551,"['9.8 inch', '5.9 inch']"
552,"['9.8 inch', '5.9 inch']"
553,
554,['3.4 inch']
555,['3.4 inch']
556,
557,
558,['2.3 inch']
559,['25 kilogram']
560,
561,
562,"['15.72 inch', '8.65 inch']"
563,"['15.72 inch', '8.65 inch']"
564,
565,
566,['3 kilogram']
567,
568,
569,
570,
571,
572,
573,
574,
575,
576,
577,
578,
579,
580,
581,
582,
583,
584,
585,
586,['100 gram']
587,
588,
589,
590,
591,
592,['1 metre']
593,
594,
595,"['5.9 inch', '10.8 inch']"
596,"['5.9 inch', '10.8 inch']"
597,
598,
599,
600,
601,
602,
603,
604,
605,
606,
607,
608,
609,
610,
611,
612,
613,
614,
615,
616,
617,['2.65 pound']
618,
619,
620,
621,['25 watt']
622,"['7.8 inch', '3.9 inch']"
623,"['7.8 inch', '3.9 inch']"
624,"['8.4 inch', '7.3 metre']"
625,"['8.4 inch', '7.3 metre']"
626,
627,
628,
629,
630,
631,
632,
633,
634,
635,
636,
637,
638,['27 inch']
639,
640,
641,
642,
643,
644,
645,
646,
647,
648,
649,
650,
651,
652,
653,
654,
655,
656,
657,
658,
659,
660,
661,"['130 metre', '80 metre']"
662,
663,
664,
665,
666,
667,
668,
669,
670,
671,
672,
673,
674,
675,
676,
677,
678,
679,
680,
681,
682,"['1.25 inch', '4.7 inch']"
683,"['1.25 inch', '4.7 inch']"
684,['200 gram']
685,
686,
687,
688,
689,
690,
691,
692,"['2 kilogram', '8 kilogram']"
693,
694,
695,
696,
697,
698,
699,
700,
701,
702,
703,
704,
705,"['7.87 inch', '2.67 inch']"
706,"['7.87 inch', '2.67 inch']"
707,
708,"['16.51 inch', '6.8 inch']"
709,"['16.51 inch', '6.8 inch']"
710,
711,"['4 gram', '64 gram']"
712,
713,
714,
715,
716,
717,
718,
719,
720,"['11.8 inch', '3.5 inch']"
721,"['11.8 inch', '3.5 inch']"
722,
723,
724,
725,
726,
727,
728,
729,
730,
731,
732,
733,
734,
735,
736,
737,"['5 metre', '8 metre']"
738,"['5 metre', '8 metre']"
739,
740,
741,"['3.5 inch', '3.9 inch']"
742,"['3.5 inch', '3.9 inch']"
743,
744,['400 watt']
745,
746,
747,['35 metre']
748,['35 metre']
749,
750,
751,
752,['360 metre']
753,"['5.9 inch', '3.9 inch']"
754,"['5.9 inch', '3.9 inch']"
755,['0.5 inch']
756,['0.5 inch']
757,
758,
759,
760,
761,
762,
764,
765,
766,
767,"['2.75 inch', '3.9 inch']"
768,"['2.75 inch', '3.9 inch']"
769,['38 inch']
770,['38 inch']
771,['38 inch']
772,['1000 watt']
773,['110 volt']
774,
775,
776,
777,
778,
779,
780,
781,
782,"['162 metre', '6.37 inch', '81 metre', '3.18 inch']"
783,"['162 metre', '6.37 inch', '81 metre', '3.18 inch']"
784,
785,
786,
787,
788,
789,['3.8 inch']
790,['3.8 inch']
791,['3.8 inch']
792,"['5.1 inch', '5.9 inch']"
793,"['5.1 inch', '5.9 inch']"
794,"['9 inch', '15.35 inch']"
795,"['9 inch', '15.35 inch']"
796,
797,['5 metre']
798,['5 metre']
799,['5 metre']
800,
801,
802,
803,
804,['26 inch']
805,['26 inch']
806,['26 inch']
807,
808,
809,
810,
811,
812,
813,
814,
815,
816,['2 watt']
817,
818,
819,
820,
821,
822,
823,
824,
825,
826,
827,
828,
829,
830,
831,
832,
833,
834,['1 gram']
835,
836,
837,['25 metre']
838,['25 metre']
839,['25 metre']
840,['433 inch']
841,['433 inch']
842,['117 gram']
843,
844,
845,
846,
847,
848,
849,
850,
851,
852,
853,"['4.625 inch', '105 inch', '20.28 inch']"
854,"['67 inch', '2.6 inch']"
855,"['67 inch', '2.6 inch']"
856,
857,
858,
859,
860,
861,
862,
863,
864,
865,
866,
867,
868,
869,
870,
871,
872,
873,
874,
875,
876,
877,
878,
879,
880,"['150 metre', '9 inch', '98 inch']"
881,['350 metre']
882,
883,"['1.3 inch', '3.14 inch']"
884,"['1.3 inch', '3.14 inch']"
885,
886,
887,
888,
889,
890,['47.2 inch']
891,['47.2 inch']
892,['47.2 inch']
893,['33 inch']
894,['33 inch']
895,['4 gram']
896,
897,
898,
899,['750 gram']
900,
901,
902,
903,
904,
905,
906,
907,
908,
909,
910,
911,
912,
913,
914,
915,
916,"['12.9 inch', '2.75 inch']"
917,"['12.9 inch', '2.75 inch']"
918,
919,
920,
921,
922,
923,
924,
925,
926,
927,
928,
929,
930,
931,
932,
933,
934,
935,
936,
937,"['11.82 inch', '7.09 inch']"
938,"['11.82 inch', '7.09 inch']"
939,
940,
941,
942,
943,
944,['7.8 inch']
945,['3 inch']
946,
947,
948,['2.1 kilogram']
949,"['0.98 inch', '2.5 metre']"
950,"['0.98 inch', '2.5 metre']"
951,"['3.9 inch', '5.9 inch']"
952,"['3.9 inch', '5.9 inch']"
953,
954,
955,
956,
957,"['190.37 metre', '7.62 inch']"
958,"['190.37 metre', '7.62 inch']"
959,
960,
961,['10.82 inch']
962,['10.82 inch']
963,['11.0 inch']
964,['11.0 inch']
965,['11.0 inch']
966,"['2.75 inch', '3.9 inch']"
967,"['2.75 inch', '3.9 inch']"
968,
969,
970,['1.37 inch']
971,
972,
973,"['3.9 inch', '2.75 inch']"
974,"['3.9 inch', '2.75 inch']"
975,"['3.9 inch', '2.75 inch']"
976,
977,['8 inch']
978,['8 inch']
979,
980,
981,
982,"['2.7 inch', '1.9 inch']"
983,"['2.7 inch', '1.9 inch']"
984,
985,
986,
987,['15.1 inch']
988,['7.1 inch']
989,['7.1 inch']
990,['11 inch']
991,
992,"['5.11 inch', '3.34 inch']"
993,"['5.11 inch', '3.34 inch']"
994,"['5.11 inch', '3.34 inch']"
995,
996,
997,
998,
999,
1000,
1001,
1002,['16 pound']
1003,['3.74 inch']
1004,['3.74 inch']
1005,
1006,
1007,
1008,
1009,
1010,
1011,
1012,
1013,['53 watt']
1014,
1015,
1016,['105 metre']
1017,
1018,
1019,
1020,
1021,
1022,
1023,"['148 metre', '9150 metre']"
1024,"['148 metre', '9150 metre']"
1025,
1026,
1027,
1028,
1029,
1030,"['1.77 inch', '17.68 inch']"
1031,"['1.77 inch', '17.68 inch']"
1032,
1033,
1034,
1035,
1036,
1037,
1038,
1039,
1040,
1041,
1042,
1043,['5.9 inch']
1044,['5.9 inch']
1045,
1046,
1047,
1048,['12 watt']
1049,
1050,
1051,
1052,
1053,
1054,
1055,
1056,
1057,
1058,
1059,
1060,
1061,
1062,
1063,
1064,
1065,
1066,
1067,
1068,
1069,
1070,"['4.5 inch', '7.0 inch']"
1071,"['4.5 inch', '7.0 inch']"
1072,"['4.5 inch', '7.0 inch']"
1073,['78.7 inch']
1074,['78.7 inch']
1075,
1076,
1077,
1078,"['4 inch', '2 inch', '4 inch']"
1079,"['4 inch', '2 inch', '4 inch']"
1080,['15 inch']
1081,['15 inch']
1082,
1083,
1084,
1085,"['2.8 inch', '4.7 inch']"
1086,"['2.8 inch', '4.7 inch']"
1087,['3.93 inch']
1088,['3.93 inch']
1089,['3.93 inch']
1090,
1091,"['7.9 inch', '11.6 inch']"
1092,"['7.9 inch', '11.6 inch']"
1093,
1094,
1095,
1096,
1097,
1098,
1099,
1100,['28 gram']
1101,['10.6 pound']
1102,
1103,
1104,
1105,
1106,
1107,"['2.63 inch', '5.9 inch']"
1108,"['2.63 inch', '5.9 inch']"
1109,
1110,
1111,
1112,
1113,
1114,
1115,
1116,"['6.4 inch', '7.47 inch']"
1117,"['6.4 inch', '7.47 inch']"
1118,
1119,
1120,
1121,"['4.7 inch', '2.36 inch']"
1122,"['4.7 inch', '2.36 inch']"
1123,
1124,
1125,
1126,
1127,
1128,
1129,
1130,
1131,
1132,
1133,
1134,
1135,
1136,['200 pound']
1137,
1138,
1139,
1140,
1141,
1142,"['67 inch', '6.5 metre', '2.6 inch']"
1143,"['67 inch', '6.5 metre', '2.6 inch']"
1144,"['2.75 inch', '7.87 inch']"
1145,"['2.75 inch', '7.87 inch']"
1146,
1147,
1148,
1149,
1150,
1151,
1152,
1153,
1154,
1155,
1156,
1157,
1158,['3 inch']
1159,['3 inch']
1160,
1161,
1162,
1163,
1164,['6.4 gram']
1165,
1166,
1167,['11.6 inch']
1168,['11.6 inch']
1169,['11.6 inch']
1170,
1171,['3.9 inch']
1172,['3.9 inch']
1173,['650 metre']
1174,['650 metre']
1175,
1176,
1177,
1178,
1179,"['10.62 inch', '9.84 inch']"
1180,"['10.62 inch', '9.84 inch']"
1181,
1182,
1183,
1184,
1185,
1186,
1187,['15 inch']
1188,['15 inch']
1189,
1190,
1191,
1192,
1193,
1194,
1195,
1196,
1197,"['3.14 inch', '2.36 inch']"
1198,"['3.14 inch', '2.36 inch']"
1199,"['3.14 inch', '2.36 inch']"
1200,"['720 metre', '45.720 metre']"
1201,"['720 metre', '45.720 metre']"
1202,
1203,
1204,
1205,['75 metre']
1206,['75 metre']
1207,
1208,
1209,['22 inch']
1210,['22 inch']
1211,
1212,
1213,
1214,
1215,
1216,
1217,
1218,['115 gram']
1219,
1220,"['3.93 inch', '2.75 inch']"
1221,"['3.93 inch', '2.75 inch']"
1222,
1223,
1224,['0.6 kilogram']
1225,
1226,
1227,
1228,
1229,
1230,['134 inch']
1231,
1232,
1233,
1234,['28 gram']
1235,
1236,
1237,
1238,
1239,
1240,
1241,
1242,
1243,
1244,['250 metre']
1245,['250 metre']
1246,
1247,
1248,
1249,['4.9 inch']
1250,['4.9 inch']
1251,
1252,
1253,
1254,['203 gram']
1255,
1256,['350 pound']
1257,['20 inch']
1258,
1259,
1260,
1261,"['2.4 inch', '0.8 inch']"
1262,"['2.4 inch', '0.8 inch']"
1263,['16.73 inch']
1264,
1265,
1266,
1267,
1268,
1269,
1270,
1271,
1272,
1273,
1274,
1275,"['150 metre', '89 metre']"
1276,"['150 metre', '89 metre']"
1277,"['150 metre', '89 metre']"
1278,
1279,
1280,
1281,
1282,['34.22 ounce']
1283,
1284,
1285,
1286,
1287,
1288,
1289,
1290,
1291,['170 gram']
1292,
1293,
1294,
1295,['2.50 metre']
1296,
1297,"['10.5 inch', '7.88 inch']"
1298,"['10.5 inch', '7.88 inch']"
1299,
1300,
1301,
1302,
1303,
1304,
1305,['750 watt']
1306,
1307,
1308,
1309,
1310,['22.45 kilogram']
1311,
1312,
1313,
1314,
1315,
1316,
1317,
1318,
1319,
1320,
1321,['11 gram']
1322,
1323,
1324,
1325,"['2 inch', '2.5 inch']"
1326,"['2 inch', '2.5 inch']"
1327,['3.1 ounce']
1328,
1329,['128 metre']
1330,
1331,
1332,
1333,
1334,
1335,
1336,"['5.98 inch', '1.85 inch']"
1337,"['5.98 inch', '1.85 inch']"
1338,
1339,
1340,
1341,
1342,
1343,
1344,
1345,['12 inch']
1346,['12 inch']
1347,
1348,
1349,
1350,
1351,
1352,
1353,
1354,
1355,"['1.77 inch', '5.89 inch']"
1356,"['1.77 inch', '5.89 inch']"
1357,
1358,
1359,
1360,
1361,['145 metre']
1362,['145 metre']
1363,['5 metre']
1364,
1365,
1366,
1367,
1368,
1369,
1370,
1371,
1372,
1373,['1.97 inch']
1374,
1375,
1376,
1377,
1378,['938 metre']
1379,['938 metre']
1380,
1381,
1382,
1383,
1384,
1385,
1386,
1387,
1388,
1389,
1390,
1391,
1392,
1393,
1394,
1395,
1396,
1397,
1398,
1399,
1400,
1401,['1.8 kilogram']
1402,['9.8 inch']
1403,['9.8 inch']
1404,
1405,
1406,
1407,
1408,
1409,
1410,
1411,
1412,['12 volt']
1413,
1414,
1415,
1416,
1417,
1418,
1419,
1420,
1421,
1422,
1423,
1424,"['0.74 metre', '0.74 metre', '0.42 metre', '4 metre']"
1425,
1426,
1427,
1428,
1429,
1430,
1431,
1432,
1433,
1434,
1435,
1436,
1437,
1438,
1439,
1440,
1441,
1442,
1443,
1444,"['330 metre', '455 metre']"
1445,['0.5 kilogram']
1446,
1447,
1448,
1449,
1450,
1451,
1452,
1453,
1454,
1455,
1456,
1457,
1458,
1459,
1460,
1461,['125 metre']
1462,"['7.1 inch', '3.3 inch']"
1463,"['7.1 inch', '3.3 inch']"
1464,
1465,
1466,
1467,
1468,
1469,"['2 gram', '3.5 pound']"
1470,
1471,
1472,"['25 metre', '168 metre', '94 metre']"
1473,
1474,
1475,['12 inch']
1476,['12 inch']
1477,
1478,
1479,
1480,
1481,
1482,['50 metre']
1483,['50 metre']
1484,['50 metre']
1485,
1486,
1487,['100 kilogram']
1488,
1489,
1490,"['205 metre', '8.07 inch']"
1491,"['205 metre', '8.07 inch']"
1492,
1493,
1494,
1495,
1496,
1497,
1498,['300 pound']
1499,"['600 milligram', '250 gram']"
1500,"['2.1 inch', '1.5 inch']"
1501,['2 inch']
1502,['2 inch']
1503,
1504,
1505,
1506,
1507,['218 gram']
1508,"['8.6 inch', '2.5 inch']"
1509,
1510,
1511,
1512,
1513,
1514,"['264 metre', '480 metre', '320 metre']"
1515,
1516,
1517,
1518,['10.22 inch']
1519,['10.22 inch']
1520,
1521,
1522,
1523,
1524,['900 metre']
1525,['900 metre']
1526,
1527,
1528,
1529,
1530,
1531,
1532,
1533,
1534,
1535,
1536,
1537,
1538,['4.7 inch']
1539,['4.7 inch']
1540,
1541,
1542,
1543,
1544,
1545,['110 metre']
1546,
1547,
1548,
1549,
1550,
1551,
1552,
1553,
1554,
1555,
1556,
1557,
1558,"['8.3 inch', '2.4 inch']"
1559,"['8.3 inch', '2.4 inch']"
1560,"['8.3 inch', '2.4 inch']"
1561,
1562,"['150 kilogram', '330 pound']"
1563,
1564,"['3.86 inch', '2.83 inch']"
1565,"['3.86 inch', '2.83 inch']"
1566,
1567,['2.5 inch']
1568,['2.5 inch']
1569,['2.5 inch']
1570,
1571,
1572,['16 gram']
1573,['713 gram']
1574,
1575,['27.2 gram']
1576,['70 metre']
1577,['70 metre']
1578,"['22 pound', '18 pound', '10 pound']"
1579,
1580,
1581,
1582,
1583,
1584,['13.8 inch']
1585,['13.8 inch']
1586,['13.8 inch']
1587,['25.8 metre']
1588,['25.8 metre']
1589,
1590,
1591,
1592,
1593,
1594,
1595,
1596,
1597,
1598,
1599,
1600,
1601,['11.8 inch']
1602,['11.8 inch']
1603,['11.8 inch']
1604,
1605,
1606,"['250 metre', '30 metre', '50 metre']"
1607,
1608,['3.25 inch']
1609,['3.25 inch']
1610,['3.25 inch']
1611,
1612,
1613,
1614,
1615,
1616,"['8.06 inch', '6.48 inch']"
1617,"['8.06 inch', '6.48 inch']"
1618,['1500 watt']
1619,
1620,
1621,['52 gram']
1622,
1623,
1624,
1625,
1626,
1627,
1628,
1629,
1630,
1631,
1632,['135 kilogram']
1633,
1634,
1635,
1636,['7.87 inch']
1637,['7.87 inch']
1638,
1639,
1640,['350 pound']
1641,['10 inch']
1642,['10 inch']
1643,
1644,
1645,
1646,
1647,['59.05 inch']
1648,['59.05 inch']
1649,['59.05 inch']
1650,
1651,
1652,
1653,
1654,
1655,"['2.32 inch', '12.65 inch']"
1656,['3.15 inch']
1657,
1658,
1659,
1660,
1661,
1662,
1663,
1664,
1665,
1666,
1667,
1668,['38 gram']
1669,
1670,
1671,
1672,
1673,
1674,
1675,
1676,
1677,['4 pound']
1678,
1679,
1680,['11.02 inch']
1681,['11.02 inch']
1682,
1683,
1684,"['10 gram', '20 gram']"
1685,['60 metre']
1686,
1687,
1688,"['16 metre', '1.5 metre']"
1689,"['16 metre', '1.5 metre']"
1690,
1691,
1692,['30 kilogram']
1693,['5.9 inch']
1694,['5.9 inch']
1695,['5.9 inch']
1696,"['100 gram', '20.7 kilogram']"
1697,"['100 gram', '20.7 kilogram']"
1698,
1699,
1700,
1701,['47.2 inch']
1702,
1703,
1704,
1705,
1706,
1707,"['60 metre', '125 metre']"
1708,"['60 metre', '125 metre']"
1709,['8.6 inch']
1710,['3.6 metre']
1711,['3.6 metre']
1712,['12.99 inch']
1713,['12.99 inch']
1714,['4.7 inch']
1715,['4.7 inch']
1716,
1717,['140 litre']
1718,
1719,
1720,
1721,
1722,
1723,
1724,
1725,
1726,
1727,
1728,['250 kilogram']
1729,['250 kilogram']
1730,
1731,
1732,
1733,
1734,['2 metre']
1735,['2 metre']
1736,['10.22 inch']
1737,['10.22 inch']
1738,
1739,
1740,
1741,"['5.8 inch', '9 inch']"
1742,"['5.8 inch', '9 inch']"
1743,
1744,
1745,['120 volt']
1746,['750 watt']
1747,"['180 metre', '7 inch', '42 metre', '1.7 inch', '340 metre', '13.4 inch']"
1748,"['180 metre', '7 inch', '42 metre', '1.7 inch', '340 metre', '13.4 inch']"
1749,"['180 metre', '7 inch', '42 metre', '1.7 inch', '340 metre', '13.4 inch']"
1750,['35 metre']
1751,['35 metre']
1752,
1753,
1754,
1755,
1756,
1757,"['19 metre', '6 metre', '17 metre', '8 metre', '15 metre']"
1758,
1759,
1760,
1761,
1762,
1763,
1764,
1765,"['160 milligram', '2 gram']"
1766,
1767,
1768,['150 kilogram']
1769,
1770,
1771,
1772,
1773,"['13.09 inch', '4.13 inch']"
1774,"['13.09 inch', '4.13 inch']"
1775,
1776,
1777,['42 inch']
1778,"['20 inch', '27 inch']"
1779,
1780,
1781,
1782,['10 inch']
1783,['10 inch']
1784,
1785,
1786,
1789,
1790,
1791,
1792,['20 pound']
1793,['10 ounce']
1794,['14.56 inch']
1795,['14.56 inch']
1796,"['8 metre', '157.5 inch']"
1797,"['8 metre', '157.5 inch']"
1798,['0.9 inch']
1799,['0.9 inch']
1800,['73 metre']
1801,['15 ounce']
1802,
1803,
1804,
1805,
1806,
1807,['11.59 inch']
1808,
1809,
1810,
1811,
1812,['6.29 inch']
1813,['6.29 inch']
1814,['6.29 inch']
1815,['150 kilogram']
1816,"['7.87 inch', '10.62 inch']"
1817,"['7.87 inch', '10.62 inch']"
1818,
1819,
1820,
1821,"['7.8 inch', '7.0 inch']"
1822,"['7.8 inch', '7.0 inch']"
1823,
1824,['7 watt']
1825,
1826,
1827,
1828,"['3.14 inch', '0.98 inch']"
1829,"['3.14 inch', '0.98 inch']"
1830,
1831,
1832,
1833,
1834,
1835,
1836,
1837,
1838,
1839,
1840,
1841,
1842,
1843,
1844,
1845,
1846,
1847,
1848,
1849,['9.2 inch']
1850,
1851,['1.4 inch']
1852,['1.4 inch']
1853,
1854,
1855,
1856,['430 metre']
1857,['430 metre']
1858,
1859,
1860,
1861,
1862,"['1.2 inch', '4.1 inch']"
1863,"['1.2 inch', '4.1 inch']"
1864,
1865,
1866,
1867,
1868,
1869,
1870,['7.28 inch']
1871,"['200 metre', '7.87 inch']"
1872,['7.9 inch']
1873,['7.9 inch']
1874,
1875,
1876,['30 pound']
1877,
1878,
1879,
1880,
1881,
1882,['9 inch']
1883,"['3 inch', '7.5 metre', '11.4 inch']"
1884,"['3 inch', '7.5 metre', '11.4 inch']"
1885,"['3 inch', '7.5 metre', '11.4 inch']"
1886,
1887,
1888,
1889,
1890,['0 metre']
1891,"['7.5 metre', '5.9 inch']"
1892,"['7.5 metre', '5.9 inch']"
1893,
1894,
1895,
1896,
1897,
1898,
1899,"['51.1 inch', '14.1 inch']"
1900,
1901,
1902,
1903,"['4.7 inch', '4.3 inch']"
1904,"['4.7 inch', '4.3 inch']"
1905,"['3.5 inch', '2.9 inch', '7.5 metre']"
1906,"['3.5 inch', '2.9 inch', '7.5 metre']"
1907,
1908,"['7.5 inch', '6.7 inch', '2.4 inch']"
1909,"['7.5 inch', '6.7 inch', '2.4 inch']"
1910,"['9 inch', '3.8 inch']"
1911,"['9 inch', '3.8 inch']"
1912,['49.2 inch']
1913,['49.2 inch']
1914,
1915,
1916,
1917,
1918,"['8 inch', '6 inch']"
1919,
1920,
1921,
1922,
1923,
1924,['7.08 inch']
1925,['7.08 inch']
1926,
1927,
1928,['23.8 inch']
1929,
1930,['13.7 inch']
1931,['13.7 inch']
1932,
1933,
1934,
1935,
1936,
1937,['110 volt']
1938,
1939,
1940,
1941,
1942,
1943,
1944,
1945,"['1.5 litre', '5 litre']"
1946,
1947,
1948,
1949,"['14.50 metre', '0 metre', '120 metre']"
1951,
1952,
1953,
1954,['23250 watt']
1955,
1956,
1957,
1958,['1400 gram']
1959,"['5 metre', '1.49 inch']"
1960,
1961,"['3.14 inch', '3.14 inch']"
1962,"['3.14 inch', '3.14 inch']"
1963,
1964,"['9 inch', '7 inch']"
1965,"['9 inch', '7 inch']"
1966,
1967,
1968,
1969,
1970,['1.4 inch']
1971,
1972,
1973,"['3.14 inch', '3.14 inch']"
1974,"['3.14 inch', '3.14 inch']"
1975,"['4 metre', '26 metre', '46 metre']"
1976,"['28 metre', '1200 metre']"
1977,"['28 metre', '1200 metre']"
1978,
1979,"['61 metre', '92 metre']"
1980,"['61 metre', '92 metre']"
1981,['5.5 inch']
1982,
1983,
1984,
1985,
1986,
1987,['27.45 kilogram']
1988,
1989,
1990,
1991,
1992,
1993,
1994,
1995,
1996,
1997,
1998,
1999,
2000,['180 metre']
2001,
2002,['1.2 inch']
2003,
2004,
2005,['120 volt']
2006,
2007,
2008,['1 inch']
2009,
2010,
2011,
2012,['1.38 inch']
2013,['1.38 inch']
2014,
2015,
2016,
2017,
2018,
2019,
2020,
2021,
2022,
2023,
2024,
2025,
2026,
2027,
2028,
2029,
2030,
2031,
2032,
2033,
2034,
2035,
2036,
2037,
2038,
2039,
2040,
2041,
2042,
2043,"['231 metre', '120 metre']"
2044,"['231 metre', '120 metre']"
2045,
2046,['12.3 kilogram']
2047,
2048,"['34.5 inch', '10.6 inch']"
2049,"['34.5 inch', '10.6 inch']"
2050,['6 inch']
2051,
2052,
2053,
2054,"['25 metre', '33 metre']"
2055,
2056,
2057,
2058,"['40 metre', '40 metre', '40 metre']"
2059,
2060,
2061,
2062,"['38.6 inch', '9.84 inch']"
2063,
2064,
2065,
2066,
2067,
2068,
2069,
2070,
2071,['12 volt']
2072,['4 inch']
2073,
2074,
2075,"['3.8 volt', '8 volt']"
2076,['4.79 inch']
2077,['4.79 inch']
2078,
2079,
2080,
2081,
2082,
2083,
2084,
2085,
2086,
2087,
2088,
2089,
2090,
2091,
2092,
2093,
2094,['20 watt']
2095,
2096,"['3 inch', '11.4 inch']"
2097,"['3 inch', '11.4 inch']"
2098,
2099,
2100,
2101,
2102,
2103,['13 metre']
2104,['13 metre']
2105,
2106,
2107,['0.475 kilogram']
2108,
2109,
2110,
2111,
2112,"['220 metre', '170 metre']"
2113,"['220 metre', '170 metre']"
2114,
2115,
2116,['25 kilogram']
2117,
2118,
2119,['94 metre']
2120,['94 metre']
2121,
2122,
2123,
2124,
2125,
2126,
2127,"['2.16 inch', '2.55 inch']"
2128,"['2.16 inch', '2.55 inch']"
2129,
2130,
2131,
2132,
2133,
2134,['250 gram']
2135,
2136,
2137,
2138,
2139,
2140,
2141,['7 inch']
2142,['7 inch']
2143,['67 metre']
2144,
2145,
2146,
2147,
2148,
2149,
2150,['50 metre']
2151,['1.9 inch']
2152,['4 inch']
2153,['4 inch']
2154,
2155,
2156,"['55.1 inch', '5.5 inch']"
2157,"['55.1 inch', '5.5 inch']"
2158,
2159,
2160,"['4.6 inch', '2.3 inch', '6.0 metre']"
2161,['12 volt']
2162,
2163,
2164,"['1.57 inch', '2.16 inch']"
2165,"['1.57 inch', '2.16 inch']"
2166,
2167,
2168,
2169,
2170,
2171,"['3.93 inch', '0.20 inch']"
2172,
2173,"['2.36 inch', '4.72 inch']"
2174,"['2.36 inch', '4.72 inch']"
2175,
2176,
2177,
2178,
2179,
2180,
2181,
2182,
2183,
2184,
2185,
2186,
2187,
2188,
2189,
2190,
2191,
2192,
2193,
2194,
2195,"['7.08 inch', '2.75 inch']"
2196,"['7.08 inch', '2.75 inch']"
2197,
2198,
2199,
2200,['70 metre']
2201,['70 metre']
2202,
2203,
2204,
2205,
2206,
2207,
2208,
2209,
2210,
2211,
2212,
2213,['1.38 inch']
2214,['1.38 inch']
2215,['200 gram']
2216,
2217,
2218,
2219,
2220,
2221,
2222,
2223,
2224,
2225,['1500 watt']
2226,"['14.17 inch', '330 metre', '12.99 inch', '24.80 inch']"
2227,
2228,
2229,"['800 pound', '805 gram']"
2230,
2231,
2232,
2233,['23.04 pound']
2234,['12 volt']
2235,"['20.5 inch', '314 inch']"
2236,['7.7 inch']
2237,
2238,"['2.1 foot', '0.65 metre']"
2239,"['2.1 foot', '0.65 metre']"
2240,
2241,
2242,
2243,['3.3 pound']
2244,
2245,
2246,
2247,"['1.8 inch', '2.7 inch']"
2248,"['1.8 inch', '2.7 inch']"
2249,"['1.8 inch', '2.7 inch']"
2250,
2251,"['7 inch', '1.55 inch']"
2252,"['7 inch', '1.55 inch']"
2253,
2254,
2255,['1500 metre']
2256,
2257,['5.63 inch']
2258,"['5.03 inch', '2.51 inch', '6.4 metre']"
2259,"['5.03 inch', '2.51 inch', '6.4 metre']"
2260,"['1 watt', '25 watt']"
2261,['26 gram']
2262,
2263,
2264,
2265,
2266,
2267,['8.2 pound']
2268,
2269,['3.54 inch']
2270,
2271,
2272,
2273,['8.8 kilogram']
2274,
2275,
2276,
2277,
2278,
2279,"['400 metre', '150 metre']"
2280,"['400 metre', '150 metre']"
2281,
2282,
2283,
2284,
2285,
2286,
2287,
2288,
2289,
2290,
2291,['200 metre']
2292,
2293,
2294,
2295,
2296,
2297,
2298,
2299,
2300,
2301,
2302,
2303,
2304,
2305,
2306,
2307,
2308,
2309,
2310,
2311,
2312,
2313,
2314,
2315,
2316,['3 volt']
2317,
2318,"['29.87 inch', '33.8 inch', '38.44 inch']"
2319,
2320,
2321,
2322,"['2.0 ounce', '57 gram']"
2323,
2324,
2325,
2326,['12 volt']
2327,
2328,
2329,
2330,
2331,
2332,
2333,"['150 metre', '150 metre']"
2334,
2335,
2336,
2337,
2338,
2339,"['13.6 inch', '4.6 inch', '6 inch', '4.7 inch']"
2340,
2341,
2342,
2343,
2344,
2345,['3.1 inch']
2346,['3.1 inch']
2347,
2348,
2349,
2350,
2351,
2352,['200 watt']
2353,
2354,
2355,"['88 metre', '3.5 inch', '4 metre', '5.2 inch']"
2356,"['46.85 inch', '28.74 inch', '46.85 inch']"
2357,
2358,
2359,
2360,
2361,"['35 metre', '175 metre', '76 metre', '54 metre']"
2362,
2363,
2364,
2365,['3 inch']
2366,['13 inch']
2367,"['22.83 inch', '2.36 inch', '38.97 inch']"
2368,"['47 inch', '9.8 inch']"
2369,"['47 inch', '9.8 inch']"
2370,
2371,
2372,['6.6 pound']
2373,
2374,"['40 metre', '98 metre']"
2375,
2376,
2377,
2378,['150 kilogram']
2379,"['2.4 inch', '5.3 inch']"
2380,
2381,
2382,['1.8 pound']
2383,['700 watt']
2384,['9 inch']
2385,['9 inch']
2386,
2387,
2388,
2389,
2390,
2391,"['3.74 inch', '14.57 inch', '6.69 inch', '1.65 inch']"
2392,
2393,
2394,
2395,['0.31 inch']
2396,['0.31 inch']
2397,['220 pound']
2398,['5 inch']
2399,
2400,
2401,
2402,['22 pound']
2403,['5 gram']
2404,
2405,
2406,"['45 inch', '2.76 inch']"
2407,"['45 inch', '2.76 inch']"
2408,
2409,
2410,
2411,"['0 metre', '120 inch']"
2412,"['0 metre', '120 inch']"
2413,"['6.5 inch', '160 metre']"
2414,"['6.5 inch', '160 metre']"
2415,['2.1 kilogram']
2416,['360 metre']
2417,
2418,['19 metre']
2419,['19 metre']
2420,['3 inch']
2421,['3 inch']
2422,['3 inch']
2423,
2424,"['18.5 inch', '9.1 inch']"
2425,
2426,
2427,
2428,
2429,
2430,
2431,
2432,
2433,['5 inch']
2434,['12.0 fluid ounce']
2435,
2436,
2437,['2.95 inch']
2438,['2.95 inch']
2439,
2440,
2441,
2442,"['6.5 kilogram', '120 kilogram']"
2443,
2444,
2445,
2446,['12.59 inch']
2447,['12.59 inch']
2448,['84 inch']
2449,['84 inch']
2450,['84 inch']
2451,
2452,
2453,
2454,['3.54 inch']
2455,['3.54 inch']
2456,"['23.6 inch', '23.6 inch']"
2457,
2458,"['44 inch', '73 inch']"
2459,"['44 inch', '73 inch']"
2460,
2461,
2462,
2463,
2464,
2465,
2466,
2467,['1100 metre']
2468,"['62 metre', '2.44 inch', '30 metre', '1.18 inch']"
2469,
2470,
2471,
2472,
2473,
2474,
2475,
2476,
2477,"['21 metre', '2 metre']"
2478,"['21 metre', '2 metre']"
2479,['2.5 inch']
2480,
2481,
2482,
2483,
2484,"['2.4 inch', '5.1 inch']"
2485,"['2.4 inch', '5.1 inch']"
2486,['11.42 inch']
2487,['11.42 inch']
2488,
2489,
2490,
2491,
2492,"['12 volt', '12 volt', '12 volt']"
2493,"['3.93 inch', '1.96 inch']"
2494,"['3.93 inch', '1.96 inch']"
2495,"['3.93 inch', '1.96 inch']"
2496,
2497,['8 volt']
2498,
2499,
2500,
2501,
2502,
2503,
2504,"['12.75 inch', '71.5 inch']"
2505,"['12.75 inch', '71.5 inch']"
2506,"['12.75 inch', '71.5 inch']"
2507,"['130 metre', '93 metre', '986 metre']"
2508,"['7 gram', '200 kilogram']"
2509,
2510,
2511,['20 watt']
2512,
2513,"['5.89 inch', '3.14 inch']"
2514,"['5.89 inch', '3.14 inch']"
2515,"['5.89 inch', '3.14 inch']"
2516,
2517,"['6 ounce', '170 gram']"
2518,
2519,
2520,
2521,
2522,
2523,
2524,
2525,
2526,['300 watt']
2527,"['2 inch', '31.5 inch', '11 inch', '31.5 inch']"
2528,
2529,['60 gram']
2530,
2531,
2532,['106 pound']
2533,
2534,
2535,
2536,
2537,"['4.72 inch', '8.07 inch', '5.12 inch', '5.9 inch']"
2538,"['96 metre', '23 metre']"
2539,"['96 metre', '23 metre']"
2540,
2541,
2542,
2543,
2544,['105 metre']
2545,"['15.72 inch', '11.67 inch']"
2546,"['15.72 inch', '11.67 inch']"
2547,
2548,
2549,
2550,
2551,['250 kilogram']
2552,['10.2 inch']
2553,['10.2 inch']
2554,
2555,['75 metre']
2556,['75 metre']
2557,
2558,
2559,
2560,
2561,
2562,
2563,
2564,
2565,
2566,['191 gram']
2567,
2568,
2569,
2570,
2571,
2572,
2573,
2574,
2575,
2576,
2577,
2578,
2579,
2580,
2581,
2582,
2583,
2584,
2585,
2586,
2587,['9.05 inch']
2588,['9.05 inch']
2589,
2590,
2591,['3.3 inch']
2592,['3.3 inch']
2593,
2594,
2595,
2596,
2597,
2598,"['70 metre', '35 metre']"
2599,
2600,
2601,
2602,
2603,
2604,['58 pound']
2605,
2606,
2607,
2608,
2609,
2610,['5.9 inch']
2611,['5.9 inch']
2612,['5.9 inch']
2613,"['12.59 inch', '3.34 inch']"
2614,"['12.59 inch', '3.34 inch']"
2615,
2616,
2617,
2618,
2619,
2620,
2621,
2622,
2623,
2624,
2625,
2626,
2627,['30 pound']
2628,
2629,
2630,
2631,
2632,
2633,
2634,
2635,
2636,
2637,
2638,
2639,"['1 gram', '0 pound']"
2640,['8.4 inch']
2641,['8.4 inch']
2642,['86 inch']
2643,['240 volt']
2644,
2645,
2646,
2647,
2648,
2649,['9.8 inch']
2650,['9.8 inch']
2651,['9.8 inch']
2652,
2653,
2654,
2655,
2656,
2657,
2658,
2659,['12 volt']
2660,
2661,"['6.89 inch', '2.87 inch']"
2662,"['6.89 inch', '2.87 inch']"
2663,
2664,['7 gram']
2665,
2666,
2667,
2668,
2669,"['117 metre', '4.61 inch']"
2670,"['117 metre', '4.61 inch']"
2671,
2672,
2673,['100 kilogram']
2674,
2675,
2676,
2677,
2678,
2679,"['11.8 inch', '11.8 inch']"
2680,"['11.8 inch', '11.8 inch']"
2681,
2682,
2683,
2684,
2685,
2686,
2687,
2688,
2689,
2690,['2880 volt']
2691,
2692,
2693,
2694,
2695,
2696,
2697,
2698,
2699,"['6.10 inch', '2.55 inch']"
2700,"['6.10 inch', '2.55 inch']"
2701,['25 milligram']
2702,
2703,
2704,
2705,
2706,
2707,
2708,['4.33 inch']
2709,
2710,"['3.23 inch', '2.95 inch']"
2711,"['3.23 inch', '2.95 inch']"
2712,
2713,
2714,
2715,['30 pound']
2716,
2717,
2718,['1 metre']
2719,"['14.1 inch', '5.89 inch']"
2720,"['14.1 inch', '5.89 inch']"
2721,"['90 metre', '15 metre']"
2722,"['90 metre', '15 metre']"
2723,"['90 metre', '15 metre']"
2724,
2725,
2726,
2727,
2728,
2729,"['0.6 inch', '5.7 inch']"
2730,"['0.6 inch', '5.7 inch']"
2731,
2732,
2733,
2734,
2735,
2736,
2737,
2738,
2739,
2740,
2741,
2742,
2743,
2744,
2745,
2746,
2747,
2748,
2749,
2750,
2751,
2752,
2753,
2754,
2755,
2756,
2757,"['8.2 inch', '10 inch', '6 inch']"
2758,
2759,
2760,
2761,"['7.28 inch', '4.92 inch', '0.62 inch', '2.56 inch']"
2762,"['7.28 inch', '4.92 inch', '0.62 inch', '2.56 inch']"
2763,
2764,
2765,"['15.7 inch', '8.9 inch']"
2766,"['15.7 inch', '8.9 inch']"
2767,"['3.0 inch', '3.0 inch']"
2768,"['3.0 inch', '3.0 inch']"
2769,
2770,
2771,
2772,
2773,"['10 metre', '9 inch']"
2774,['150 kilogram']
2775,['161 metre']
2776,
2777,
2778,
2779,
2780,['220 volt']
2781,
2782,
2783,
2784,
2785,
2786,
2787,"['180 gram', '70 gram']"
2788,
2789,"['18 metre', '10 metre']"
2790,"['18 metre', '10 metre']"
2791,"['18 metre', '10 metre']"
2792,
2793,
2794,
2795,"['4.91 inch', '10.22 inch']"
2796,"['4.52 inch', '2.36 inch']"
2797,"['4.52 inch', '2.36 inch']"
2798,
2799,
2800,
2801,
2802,
2803,['3.15 inch']
2804,['3.15 inch']
2805,
2806,
2807,
2808,
2809,"['85 metre', '175 metre', '105 metre']"
2810,
2811,
2812,
2813,
2814,
2815,
2816,
2817,
2818,['6.02 inch']
2819,
2820,
2821,
2822,
2823,
2824,
2825,
2826,
2827,
2828,
2829,
2830,
2831,['100 metre']
2832,['100 metre']
2833,['1600 watt']
2834,['4.41 ounce']
2835,['25 metre']
2836,
2837,
2838,
2839,
2840,
2841,
2842,
2843,
2844,
2845,
2846,
2847,
2848,
2849,
2850,
2851,['72 gram']
2852,"['11 metre', '5 metre']"
2853,"['11 metre', '5 metre']"
2854,['067 fluid ounce']
2855,"['2.2 inch', '5.3 inch']"
2856,
2857,
2858,['1.8 inch']
2859,['1.8 inch']
2860,"['220 metre', '180 metre']"
2861,"['220 metre', '180 metre']"
2862,
2863,
2864,
2865,
2866,['5 watt']
2867,
2868,
2869,
2870,
2872,
2873,
2874,"['8.46 inch', '14.56 inch']"
2875,"['8.46 inch', '14.56 inch']"
2876,['65 gram']
2877,['65 gram']
2878,['0.79 inch']
2879,
2880,
2881,['2.28 inch']
2882,
2883,
2884,
2885,
2886,
2887,"['11 inch', '8 inch']"
2888,"['11 inch', '8 inch']"
2889,
2890,
2891,['200 metre']
2892,['200 metre']
2893,
2894,
2895,
2896,
2897,
2898,
2899,
2900,
2901,
2902,"['83 inch', '1445 inch']"
2903,
2904,
2905,"['3.89 inch', '7.50 metre', '2.95 inch']"
2906,
2907,
2908,
2909,
2910,"['2.2 inch', '8.3 inch']"
2911,"['2.2 inch', '8.3 inch']"
2912,
2913,
2914,
2915,
2916,
2917,
2918,
2919,
2920,
2921,
2922,
2923,"['1.6 inch', '4.0 metre', '4.1 inch']"
2924,"['1.6 inch', '4.0 metre', '4.1 inch']"
2925,"['1.6 inch', '4.0 metre', '4.1 inch']"
2926,"['2.0 inch', '1.5 inch']"
2927,"['2.0 inch', '1.5 inch']"
2928,['3.54 inch']
2929,['3.54 inch']
2930,['3.54 inch']
2931,
2932,
2933,['25 kilogram']
2934,
2935,
2936,"['10.3 metre', '32.4 metre', '43.8 metre']"
2937,['7.87 inch']
2938,['7.87 inch']
2939,
2940,
2941,
2942,['4 inch']
2943,['4 inch']
2944,['4 inch']
2945,['3.73 inch']
2946,
2947,['80 metre']
2948,['80 metre']
2949,
2950,
2951,
2952,
2953,
2954,
2955,
2956,
2957,
2958,
2959,
2960,
2961,
2962,
2963,
2964,
2965,
2966,
2967,
2968,"['5.50 inch', '1.97 inch']"
2969,"['5.50 inch', '1.97 inch']"
2970,
2971,
2972,
2973,
2974,
2975,
2976,
2977,
2978,['1150 watt']
2979,
2980,
2981,
2982,"['10 pound', '4.5 kilogram']"
2983,
2984,
2985,['410 gram']
2986,['330 pound']
2987,
2988,
2989,
2990,
2991,['50 gram']
2992,"['80 metre', '60 metre']"
2993,
2994,
2995,
2996,
2997,
2998,
2999,
3000,['5 foot']
3001,"['4.13 inch', '9.64 inch']"
3002,"['4.13 inch', '9.64 inch']"
3003,
3004,
3005,
3006,
3007,
3008,
3009,"['3.3 inch', '2.8 inch']"
3010,
3011,
3012,
3013,
3014,
3015,
3016,
3017,['16.5 inch']
3018,
3019,
3020,['3.7 volt']
3021,
3022,
3023,
3024,"['12 volt', '12 volt']"
3025,
3026,"['11.02 inch', '4.92 inch', '0.59 inch', '2.56 inch']"
3027,
3028,
3029,
3030,
3031,
3032,
3033,
3034,['220 volt']
3035,['2000 watt']
3036,
3037,"['9.4 inch', '8.3 inch']"
3038,"['9.4 inch', '8.3 inch']"
3039,['5 watt']
3040,
3041,
3042,
3043,
3044,
3045,
3046,
3047,
3048,
3049,
3050,['1.76 pound']
3051,
3052,
3053,['2.1 kilogram']
3054,"['42 inch', '37 inch']"
3055,
3056,['3.34 inch']
3057,['3.34 inch']
3058,
3059,"['108 pound', '1000 pound']"
3060,"['108 pound', '1000 pound']"
3061,
3062,
3063,
3064,['400 metre']
3065,
3066,"['14 kilogram', '180 kilogram']"
3067,['300 gram']
3068,
3069,
3070,
3071,
3072,
3073,
3074,
3075,
3076,
3077,
3078,
3079,
3080,['4.7 inch']
3081,['4.7 inch']
3082,['120 watt']
3083,
3084,
3085,"['5 metre', '80 metre', '17 metre']"
3086,"['5 metre', '80 metre', '17 metre']"
3087,"['120 metre', '100 metre', '36 metre', '36 metre']"
3088,"['4.33 inch', '3.11 inch']"
3089,"['4.33 inch', '3.11 inch']"
3090,
3091,
3092,
3093,['750 metre']
3094,
3095,
3096,
3097,['6.3 inch']
3098,
3099,
3100,"['9.8 inch', '6.7 inch']"
3101,
3102,
3103,['2 gram']
3104,['100 metre']
3105,['100 metre']
3106,['100 metre']
3107,
3108,
3109,"['16.9 inch', '28 metre', '16.9 inch', '31.4 inch']"
3110,"['1.45 inch', '0.94 inch']"
3111,"['1.45 inch', '0.94 inch']"
3112,
3113,
3114,
3115,
3116,
3117,
3118,['22 pound']
3119,
3120,
3121,
3122,
3123,
3124,
3125,
3126,
3127,
3128,"['6.7 inch', '4.7 inch']"
3129,"['6.7 inch', '4.7 inch']"
3130,"['15.75 inch', '4.53 inch', '4.53 inch']"
3131,['1.57 inch']
3132,['77 gram']
3133,
3134,
3135,
3136,
3137,
3138,
3139,
3140,
3141,['4.2 inch']
3142,['4.2 inch']
3143,
3144,
3145,"['330 pound', '150 kilogram']"
3146,
3147,
3148,
3149,
3151,
3152,
3153,
3154,
3155,
3156,
3157,
3158,
3159,
3160,"['1.6 inch', '3.9 inch']"
3161,"['1.6 inch', '3.9 inch']"
3162,
3163,
3164,
3165,['880 gram']
3166,"['2.4 inch', '3 inch', '6.7 inch', '2.8 inch']"
3167,
3168,['120 pound']
3169,
3170,['4.6 inch']
3171,['4.6 inch']
3172,
3173,
3174,
3175,
3176,
3177,
3178,
3179,['7 metre']
3180,['7 metre']
3181,
3182,
3183,
3184,['2.75 inch']
3185,"['5.3 inch', '10.8 inch']"
3186,"['5.3 inch', '10.8 inch']"
3187,
3188,
3189,
3190,
3191,
3192,
3193,
3194,
3195,
3196,"['1.2 gram', '312 gram']"
3197,
3198,
3199,
3200,['250 watt']
3201,
3202,"['112 metre', '320 metre', '170 metre']"
3203,
3204,
3205,"['1.18 inch', '1.37 inch', '236 inch']"
3206,['180 gram']
3207,
3208,
3209,
3210,
3211,
3212,['106 metre']
3213,"['1 metre', '8274 metre']"
3214,
3215,
3216,
3217,"['15 inch', '15 inch', '25 inch']"
3218,
3219,
3220,
3221,
3222,
3223,
3224,
3225,
3226,
3227,
3228,
3229,
3230,
3231,
3232,
3233,['8.7 inch']
3234,
3235,['5 metre']
3236,
3237,
3238,
3239,
3240,
3241,
3242,['12 metre']
3243,['2.48 inch']
3244,
3245,
3246,
3247,
3248,
3249,
3250,"['5 inch', '4 inch']"
3251,"['5 inch', '4 inch']"
3252,
3253,
3254,
3255,
3256,
3257,
3258,
3259,['68 metre']
3260,
3261,
3262,
3263,['15.75 inch']
3264,"['44 pound', '20 kilogram']"
3265,
3266,['1300 watt']
3267,
3268,
3269,
3270,['5.9 inch']
3271,['5.9 inch']
3272,"['13.5 inch', '8.9 inch']"
3273,"['13.5 inch', '8.9 inch']"
3274,
3275,
3276,
3277,"['16 inch', '8.46 inch', '14.3 inch']"
3278,"['16 inch', '8.46 inch', '14.3 inch']"
3279,"['4 metre', '42 metre', '6.5 metre']"
3280,"['4.7 inch', '4.7 inch', '1.4 inch']"
3281,['3.2 inch']
3282,['3.2 inch']
3283,['6.3 inch']
3284,
3285,
3286,
3287,
3288,"['7.27 inch', '8.84 inch']"
3289,"['7.27 inch', '8.84 inch']"
3290,
3291,
3292,
3293,
3294,
3295,
3296,
3297,
3298,['7 inch']
3299,
3300,
3301,
3302,
3303,
3304,"['23.62 inch', '15.74 inch']"
3305,
3306,
3307,['3.9 inch']
3308,
3309,"['6 metre', '1.56 metre']"
3310,
3311,
3312,
3313,
3314,
3315,"['290 metre', '11.4 inch']"
3316,"['7.4 inch', '2.9 inch']"
3317,
3318,
3319,
3320,
3321,
3322,
3323,
3324,
3325,
3326,
3327,
3328,
3329,
3330,
3331,['1.18 inch']
3332,['1.18 inch']
3333,
3334,['8 inch']
3335,['8 inch']
3336,
3337,
3338,
3339,['9.8 inch']
3340,
3341,
3342,
3343,
3344,
3345,
3346,
3347,
3348,
3349,
3350,
3351,
3352,
3353,
3354,
3355,
3356,
3357,
3358,
3359,
3360,['250 watt']
3361,
3362,
3363,"['2.36 inch', '1.57 inch']"
3364,"['2.36 inch', '1.57 inch']"
3365,['2.8 inch']
3366,
3367,['1000 watt']
3368,
3369,
3370,
3371,
3372,['15.7 inch']
3373,
3374,
3375,['9 gram']
3376,
3377,"['72.2 pound', '1 kilogram']"
3378,
3379,
3380,
3381,['1800 watt']
3382,
3383,
3384,"['30 pound', '13.4 kilogram', '150 kilogram']"
3385,"['3 metre', '9.8 foot']"
3386,"['3 metre', '9.8 foot']"
3387,"['3 metre', '9.8 foot']"
3388,
3389,"['0.79 inch', '0.79 inch']"
3390,"['0.79 inch', '0.79 inch']"
3391,"['0.79 inch', '0.79 inch']"
3392,['82 metre']
3393,['82 metre']
3394,"['0195 metre', '650 metre']"
3395,
3396,['300 kilogram']
3397,
3398,
3399,
3400,
3401,
3402,
3403,
3404,['90.5 inch']
3405,"['4.33 inch', '3.15 inch', '3.15 inch']"
3406,
3407,
3408,
3409,
3410,
3411,"['18 inch', '7.4 inch', '0.39 inch', '12.59 inch', '1.18 inch']"
3412,
3413,
3414,
3415,
3416,
3417,
3418,
3419,['2 pound']
3420,
3421,
3422,
3423,
3424,
3425,
3426,
3427,
3428,
3429,
3430,
3431,"['200 metre', '138 metre']"
3432,
3433,
3434,
3435,['168 metre']
3436,['168 metre']
3437,
3438,
3439,
3440,
3441,"['5.7 inch', '2 inch', '1.55 inch']"
3442,['11 ounce']
3443,
3444,
3445,
3446,
3447,
3448,
3449,
3450,"['3.6 inch', '3.1 inch', '1.6 inch']"
3451,
3452,
3453,
3454,
3455,
3456,
3457,
3458,
3459,
3460,
3461,
3462,
3463,"['11.4 inch', '11.4 inch']"
3464,"['11.4 inch', '11.4 inch']"
3465,
3466,
3467,
3468,
3469,['8 watt']
3470,
3471,['7 volt']
3472,
3473,
3474,
3475,
3476,
3477,"['3.9 inch', '19.3 inch']"
3478,"['3.9 inch', '19.3 inch']"
3479,
3480,
3481,
3482,
3483,
3484,
3485,
3486,
3487,
3488,['2.09 inch']
3489,
3490,
3491,
3492,['8.06 inch']
3493,['8.06 inch']
3494,
3495,
3496,
3497,
3498,
3499,
3500,
3501,
3502,
3503,"['150 kilogram', '330 pound', '12 gram']"
3504,"['9.0 inch', '0 inch']"
3505,"['9.0 inch', '0 inch']"
3506,['1.7 gram']
3507,"['3.5 inch', '4.3 inch']"
3508,"['3.5 inch', '4.3 inch']"
3509,"['7.6 inch', '19.5 metre']"
3510,"['7.6 inch', '19.5 metre']"
3511,
3512,
3513,
3514,
3515,
3516,
3517,"['72 inch', '72 inch']"
3518,"['72 inch', '72 inch']"
3519,"['2.48 inch', '3.34 inch', '2.16 inch']"
3520,
3521,
3522,"['250 pound', '42.5 pound']"
3523,['2.59 inch']
3524,
3525,
3526,
3527,
3528,"['45 metre', '1.77 inch', '8.5 metre', '0.33 inch']"
3529,['12 litre']
3530,
3531,
3532,
3533,['3 metre']
3534,
3535,
3536,
3537,"['35 metre', '75 metre', '1000 metre']"
3538,
3539,
3540,
3541,
3542,['2 watt']
3543,['7.48 inch']
3544,['7.48 inch']
3545,
3546,
3547,
3548,
3549,
3550,
3551,"['560 pound', '255 kilogram']"
3552,['13 inch']
3553,['0.7 inch']
3554,['0.7 inch']
3555,"['45 metre', '1.77 inch', '8 metre']"
3556,
3557,
3558,
3559,['7.86 inch']
3560,['7.86 inch']
3561,
3562,
3563,
3564,['2.95 inch']
3565,['2.95 inch']
3566,"['75 inch', '46 inch']"
3567,
3568,
3569,['1.2 kilogram']
3570,
3571,['975 pound']
3572,
3573,"['3.4 inch', '4.8 inch', '1.6 inch']"
3574,
3575,"['35.04 inch', '26.38 inch', '22.24 inch']"
3576,['0.23 inch']
3577,
3578,
3579,
3580,
3581,['230 volt']
3582,"['5958 watt', '18 watt']"
3583,
3584,
3585,
3586,
3587,
3588,
3589,['2.36 inch']
3590,"['3 inch', '24.8 inch', '3.5 inch']"
3591,"['3 inch', '24.8 inch', '3.5 inch']"
3592,['235 gram']
3593,
3594,
3595,
3596,
3597,"['60 metre', '2.36 inch']"
3598,"['60 metre', '2.36 inch']"
3599,
3600,
3601,
3602,['35 inch']
3603,
3604,['15.12 pound']
3605,
3606,
3607,['90.03 metre']
3608,['90.03 metre']
3609,['90.03 metre']
3610,['0 gram']
3611,"['47.24 inch', '5.51 inch']"
3612,
3613,
3614,
3615,
3616,
3617,['2267 gram']
3618,
3619,
3620,
3621,"['425 metre', '16.73 inch', '125 metre', '4.92 inch']"
3622,"['425 metre', '16.73 inch', '125 metre', '4.92 inch']"
3623,
3624,['2 gram']
3625,
3626,
3627,
3628,['300 pound']
3629,
3630,['1700 watt']
3631,
3632,
3633,
3634,
3635,
3636,
3637,
3638,
3639,
3640,
3641,
3642,
3643,
3644,['11.8 inch']
3645,['11.8 inch']
3646,['11.8 inch']
3647,"['3.15 inch', '11.81 inch', '3.35 inch']"
3648,
3649,
3650,['1500 pound']
3651,
3652,
3653,['220 volt']
3654,
3655,
3656,
3657,
3658,
3659,
3660,
3661,
3662,
3663,['603 metre']
3664,['603 metre']
3665,['603 metre']
3666,['5 volt']
3667,
3668,
3669,
3670,
3671,
3672,
3673,
3674,
3675,['5.91 inch']
3676,['5.91 inch']
3677,['5.91 inch']
3678,
3679,"['2.4 inch', '4.29 inch']"
3680,"['2.4 inch', '4.29 inch']"
3681,['7 metre']
3682,
3683,['37.40 inch']
3684,"['0140 metre', '0140 metre']"
3685,"['0140 metre', '0140 metre']"
3686,['142 gram']
3687,['2.76 inch']
3688,['2.76 inch']
3689,
3690,
3691,"['170 metre', '78 metre']"
3692,"['170 metre', '78 metre']"
3693,
3694,
3695,['4.72 inch']
3696,['4.72 inch']
3697,['4.72 inch']
3698,
3699,['980 gram']
3700,
3701,['420 metre']
3702,['420 metre']
3703,['3.1 inch']
3704,['3.1 inch']
3705,
3706,
3707,"['2.17 inch', '55 metre']"
3708,"['2.17 inch', '55 metre']"
3709,
3710,
3711,
3712,
3713,
3714,['0 gram']
3715,
3716,
3717,['3 watt']
3718,
3719,
3720,
3721,
3722,"['2.3 inch', '1.1 inch', '3.0 metre']"
3723,"['2.3 inch', '1.1 inch', '3.0 metre']"
3724,['8.6 inch']
3725,['8.6 inch']
3726,['8.6 inch']
3727,
3728,
3729,
3730,
3731,['5.0 inch']
3732,['5.0 inch']
3733,
3734,"['25 metre', '25 metre']"
3735,"['25 metre', '25 metre']"
3736,
3737,
3738,
3739,
3740,"['12.80 inch', '5000 metre', '9.06 inch']"
3741,"['12.80 inch', '5000 metre', '9.06 inch']"
3742,
3743,
3744,
3745,
3746,
3747,['285 pound']
3748,
3749,
3750,"['16 metre', '1.5 inch']"
3751,"['16 metre', '1.5 inch']"
3752,
3753,
3754,"['125 metre', '80 metre', '80 metre']"
3755,"['125 metre', '80 metre', '80 metre']"
3756,"['11.8 inch', '4.3 inch', '4.3 inch']"
3757,
3758,
3759,"['7.2 foot', '1.3 foot', '3.9 foot']"
3760,"['7.2 foot', '1.3 foot', '3.9 foot']"
3761,
3762,
3763,
3764,
3765,['5.89 inch']
3766,['5.89 inch']
3767,['5 inch']
3768,"['2.67 inch', '3.7 inch']"
3769,['9 metre']
3770,['9 metre']
3771,
3772,
3773,['250 watt']
3774,
3775,
3776,
3777,['2 inch']
3778,"['8.06 inch', '6.09 inch']"
3779,"['8.06 inch', '6.09 inch']"
3780,
3781,
3782,
3783,
3784,
3785,
3786,
3787,['40 gram']
3788,"['5.2 inch', '1.8 inch']"
3789,
3790,
3791,
3792,
3793,
3794,"['11.8 inch', '12.4 inch']"
3795,"['11.8 inch', '12.4 inch']"
3796,
3797,
3798,
3799,['5.6 inch']
3800,
3801,
3802,
3803,
3804,
3805,
3806,"['73 metre', '330 metre']"
3807,"['73 metre', '330 metre']"
3808,
3809,
3810,
3811,
3812,
3813,
3814,
3815,
3816,
3817,
3818,['2.36 inch']
3819,['16.9 inch']
3820,['16.9 inch']
3821,['16.9 inch']
3822,
3823,
3824,"['5.9 inch', '31.49 inch']"
3825,
3826,
3827,['120 watt']
3828,
3829,
3830,
3831,
3832,
3833,
3834,
3835,
3836,['150 kilogram']
3837,['12 inch']
3838,['12 inch']
3839,
3840,
3841,
3843,['5.1 inch']
3844,['5.1 inch']
3845,
3846,
3847,
3848,
3849,
3850,
3851,
3852,
3853,
3854,
3855,"['2.7 inch', '1.1 inch']"
3856,
3857,
3858,
3859,"['10.4 inch', '10.4 inch']"
3860,"['10.4 inch', '10.4 inch']"
3861,['33 pound']
3862,
3863,
3866,
3867,['3.5 inch']
3868,['3.5 inch']
3869,
3870,"['160 metre', '6.3 inch']"
3871,"['160 metre', '6.3 inch']"
3872,
3873,
3874,
3875,
3876,
3877,
3878,['0.39 inch']
3879,['0.39 inch']
3880,
3881,
3882,
3883,['34 gram']
3884,['34 gram']
3885,
3886,
3887,
3888,
3889,
3890,
3891,
3892,
3893,
3894,
3895,
3896,
3897,['7.3 inch']
3898,['7.3 inch']
3899,
3900,
3901,
3902,['8 inch']
3903,['8 inch']
3904,['400.00 metre']
3905,['400.00 metre']
3906,"['8.17 inch', '2.55 inch']"
3907,
3908,
3909,['2.37 kilogram']
3910,
3911,
3912,['5 volt']
3913,"['11.0 inch', '12.5 inch']"
3914,"['11.0 inch', '12.5 inch']"
3915,
3916,"['17 metre', '0.67 inch', '42 metre', '1.65 inch', '2.76 inch']"
3917,['250 kilogram']
3918,['250 kilogram']
3919,"['7 inch', '12 inch']"
3920,
3921,
3922,
3923,
3924,"['265 pound', '106 pound']"
3925,
3926,['13 inch']
3927,['13 inch']
3928,
3929,['200 watt']
3930,
3931,
3932,
3933,
3934,"['8.66 inch', '3.94 inch', '5.12 inch']"
3935,
3936,"['9.25 pound', '33 pound']"
3937,
3938,
3939,['480 metre']
3940,
3941,
3942,
3943,
3944,
3945,
3946,
3947,['3 watt']
3948,['210 metre']
3949,['210 metre']
3950,
3951,
3952,
3953,
3954,
3955,
3956,
3957,
3958,"['2.1 inch', '5.5 metre']"
3959,"['6.48 inch', '1.38 inch']"
3960,"['6.48 inch', '1.38 inch']"
3961,
3962,"['54 inch', '74 inch']"
3963,
3964,
3965,['5.5 inch']
3966,['5.5 inch']
3967,
3968,
3969,
3970,
3971,
3972,
3973,['2400 watt']
3974,
3975,
3976,
3977,
3978,
3979,
3980,
3981,
3982,"['2.3 pound', '400 pound']"
3983,
3984,
3985,
3986,
3987,
3988,
3989,
3990,['8 inch']
3991,
3992,
3993,['5 inch']
3994,['5 inch']
3995,['1.8 inch']
3996,['1.8 inch']
3997,['5 foot']
3998,['5 foot']
3999,
4000,
4001,
4002,
4003,
4004,['9.8 inch']
4005,['9.8 inch']
4006,
4007,
4008,
4009,"['2.28 inch', '6.77 inch']"
4010,"['2.28 inch', '6.77 inch']"
4011,
4012,['1.57 inch']
4013,
4014,
4015,['25 inch']
4016,['25 inch']
4017,
4018,['5 pound']
4019,
4020,
4021,"['130 metre', '300 metre']"
4022,"['130 metre', '300 metre']"
4023,
4024,
4025,
4026,"['37 metre', '96 metre']"
4027,"['37 metre', '96 metre']"
4028,
4029,['5 inch']
4030,['5 inch']
4031,['6.2 inch']
4032,['6.2 inch']
4033,['6.2 inch']
4034,"['4.8 inch', '12.20 metre', '8.0 inch']"
4035,"['4.8 inch', '12.20 metre', '8.0 inch']"
4036,['45 metre']
4037,['45 metre']
4038,['8 fluid ounce']
4039,
4040,
4041,
4042,
4043,
4044,
4045,
4046,['9 inch']
4047,['9 inch']
4048,
4049,
4050,
4051,"['4.13 inch', '2.17 inch', '1.02 inch', '10.43 inch', '2.17 inch']"
4052,"['4.13 inch', '2.17 inch', '1.02 inch', '10.43 inch', '2.17 inch']"
4053,
4054,
4055,"['2.4 kilogram', '5.3 pound']"
4056,
4057,
4058,
4059,
4060,['4.7 inch']
4061,['4.7 inch']
4062,
4063,
4064,
4065,
4066,
4067,
4068,['1800 watt']
4069,
4070,['12.0 inch']
4071,"['2 metre', '4 inch', '69 metre', '5 foot']"
4072,
4073,
4074,
4075,
4076,
4077,
4078,
4079,
4080,
4081,['72 metre']
4082,['72 metre']
4083,
4084,
4085,['0 kilogram']
4086,['5.39 inch']
4087,
4088,
4089,
4090,
4091,
4092,"['06 metre', '0 metre', '0 metre', '0 metre', '0 metre']"
4093,['0 volt']
4094,"['3.75 inch', '3.9 inch']"
4095,"['3.75 inch', '3.9 inch']"
4096,
4097,
4098,
4099,
4100,
4101,['9.8 inch']
4102,['11.8 inch']
4103,['11.8 inch']
4104,
4105,['300 kilogram']
4106,
4107,"['5.1 inch', '7.87 inch']"
4108,"['5.1 inch', '7.87 inch']"
4109,"['4.92 inch', '42 inch', '54 inch', '6.14 inch', '11 inch']"
4110,"['4.92 inch', '42 inch', '54 inch', '6.14 inch', '11 inch']"
4111,"['2.2 inch', '2.2 inch', '1.4 inch']"
4112,"['3.93 inch', '4.72 inch']"
4113,"['3.93 inch', '4.72 inch']"
4114,
4115,
4116,
4117,
4118,
4119,
4120,['10 volt']
4121,['3.9 inch']
4122,['3.9 inch']
4123,['3.9 inch']
4124,
4125,['120 volt']
4126,['156 gram']
4127,['5 volt']
4128,"['30 millilitre', '2 litre']"
4129,
4130,
4131,['3.94 inch']
4132,"['3.54 inch', '2.4 inch']"
4133,"['3.54 inch', '2.4 inch']"
4134,
4135,
4136,
4137,
4138,
4139,['24 volt']
4140,
4141,
4142,
4143,
4144,
4145,
4146,
4147,
4148,
4149,
4150,
4151,['1.4 kilogram']
4152,['700 watt']
4153,
4154,
4155,
4156,
4157,
4158,['238 gram']
4159,
4160,['150 metre']
4161,['150 metre']
4162,
4163,
4164,
4165,
4166,
4167,
4168,
4169,
4170,['150 kilogram']
4171,
4172,
4173,
4174,
4175,
4176,['14 inch']
4177,['14 inch']
4178,
4179,['9.9 inch']
4180,['9.9 inch']
4181,"['7.4 inch', '16.7 inch']"
4182,"['7.4 inch', '16.7 inch']"
4183,
4184,
4185,"['0.25 inch', '845 metre', '33.25 inch', '47 metre', '1.85 inch', '49 metre', '1.93 inch', '941 metre']"
4186,
4187,"['1.37 inch', '26 inch']"
4188,
4189,['3 inch']
4190,"['176 metre', '6.9 inch', '128 metre', '5 inch', '128 metre', '176 metre']"
4191,
4192,
4193,"['35 metre', '1.37 inch', '39.6 metre', '1.55 inch']"
4194,
4195,
4196,
4197,['5.89 inch']
4198,
4199,
4200,
4201,['60 watt']
4202,
4203,
4204,
4205,"['16.54 inch', '1 inch', '6.3 inch', '6.3 inch']"
4206,"['110 metre', '4.33 inch', '100 metre', '3.93 inch']"
4207,
4208,
4209,['220 pound']
4210,['220 volt']
4211,['00 watt']
4212,
4213,"['9.1 inch', '2.8 inch']"
4214,
4215,
4216,
4217,
4218,['6.25 inch']
4219,['6.25 inch']
4220,['3 metre']
4221,['3 metre']
4222,['3 metre']
4223,
4224,['3.1 inch']
4225,['3.1 inch']
4226,
4227,
4228,
4229,
4230,
4231,
4232,['64.96 inch']
4233,['64.96 inch']
4234,
4235,
4236,"['7.8 inch', '5.5 inch']"
4237,"['7.8 inch', '5.5 inch']"
4238,['3 gram']
4239,['20 kilogram']
4240,
4241,['10 metre']
4242,
4243,
4244,"['7.1 inch', '186 metre']"
4245,
4246,
4247,
4248,
4249,['2.67 inch']
4250,
4251,
4252,
4253,
4254,
4255,
4256,
4257,
4258,
4259,
4260,
4261,
4262,['8.9 inch']
4263,['8.9 inch']
4264,['8.9 inch']
4265,
4266,
4267,
4268,
4269,
4270,
4271,"['2.3 inch', '7.3 inch']"
4272,"['2.3 inch', '7.3 inch']"
4273,"['2.3 inch', '7.3 inch']"
4274,"['7.28 inch', '28 inch']"
4275,"['7.28 inch', '28 inch']"
4276,"['7.28 inch', '28 inch']"
4277,
4278,
4279,
4280,
4281,
4282,
4283,
4284,"['0.4 inch', '0.9 inch']"
4285,"['0.4 inch', '0.9 inch']"
4286,
4287,
4288,
4289,['15.75 inch']
4290,['15.75 inch']
4291,['15.75 inch']
4292,
4293,
4294,
4295,
4296,
4297,
4298,
4299,['5.5 pound']
4300,
4301,
4302,
4303,
4304,
4305,
4306,
4307,
4308,
4309,
4310,
4311,
4312,
4313,
4314,
4315,
4316,
4317,
4318,"['3.625 inch', '5.125 inch']"
4319,
4320,
4321,
4322,
4323,"['2.95 inch', '7.5 metre', '5.9 inch']"
4324,"['2.95 inch', '7.5 metre', '5.9 inch']"
4325,
4326,
4327,
4328,
4329,
4330,
4331,
4332,
4333,
4334,
4335,
4336,"['3 metre', '3 metre', '9.8 foot']"
4337,"['3 metre', '3 metre', '9.8 foot']"
4338,
4339,['1.10 inch']
4340,['1.10 inch']
4341,['4 gram']
4342,
4343,['20 pound']
4344,
4345,
4346,
4347,
4348,
4349,
4350,
4351,
4352,
4353,['1350 watt']
4354,
4355,"['400 metre', '3.9 inch', '200 metre', '5.3 inch', '7.8 inch']"
4356,
4357,
4358,
4359,
4360,['11.8 inch']
4361,['11.8 inch']
4362,['11.8 inch']
4363,
4364,
4365,
4366,
4367,
4368,
4369,
4370,['45.5 inch']
4371,['45.5 inch']
4372,
4373,
4374,
4375,
4376,
4377,
4378,
4379,
4380,['7 inch']
4381,['7 inch']
4382,['7 inch']
4383,['7 volt']
4384,"['20 volt', '20 volt', '20 volt', '20 volt']"
4385,['95 metre']
4386,['24 inch']
4387,['24 inch']
4388,
4389,"['1.7 inch', '3.9 inch']"
4390,"['1.7 inch', '3.9 inch']"
4391,
4392,
4393,
4394,
4395,
4396,
4397,
4398,"['400 metre', '5.12 inch', '3.35 inch']"
4399,
4400,
4401,
4402,
4403,
4404,
4405,
4406,
4407,
4408,['8 metre']
4409,['8 metre']
4410,"['2.87 inch', '2.87 inch']"
4411,"['2.87 inch', '2.87 inch']"
4412,
4413,"['12.3 kilogram', '27.1 pound']"
4414,
4415,
4416,['7.5 inch']
4417,
4418,
4419,
4420,['8.0 inch']
4421,['4.5 inch']
4422,"['5.78 inch', '3.22 inch']"
4423,"['5.78 inch', '3.22 inch']"
4424,['103 metre']
4425,['7 volt']
4426,
4427,
4428,
4429,
4430,
4431,"['95 metre', '3.7 inch']"
4432,"['95 metre', '3.7 inch']"
4433,
4434,
4435,
4436,
4437,
4438,
4439,"['3.3 inch', '3.9 inch']"
4440,
4441,
4442,
4443,"['53.9 inch', '17.7 inch', '1.2 inch', '3.9 inch']"
4444,
4445,
4446,
4447,
4448,
4449,
4450,
4451,
4452,
4453,
4454,
4455,
4456,
4457,
4458,
4459,
4460,
4461,"['16 metre', '1.5 inch']"
4462,"['16 metre', '1.5 inch']"
4463,['974 metre']
4464,
4465,
4466,
4467,
4468,['14.4 volt']
4469,
4470,"['1 gram', '16 gram']"
4471,['1.6 inch']
4472,['1.6 inch']
4473,['1.6 inch']
4474,
4475,
4476,
4477,['280 metre']
4478,"['395 metre', '110 metre']"
4479,"['395 metre', '110 metre']"
4480,"['3.1 inch', '3 inch']"
4481,"['3.1 inch', '3 inch']"
4482,"['4.7 inch', '0.9 inch', '2.3 metre']"
4483,"['4.7 inch', '0.9 inch', '2.3 metre']"
4484,
4485,
4486,
4487,
4488,
4489,
4490,['8.46 inch']
4491,['8.46 inch']
4492,
4493,
4494,
4495,
4496,['6.1 inch']
4497,"['2.91 inch', '3.9 inch']"
4498,"['2.91 inch', '3.9 inch']"
4499,
4500,
4501,
4502,
4503,
4504,['8 watt']
4505,
4506,
4507,
4508,['8.5 inch']
4509,['8.5 inch']
4510,
4511,
4512,
4513,['00 volt']
4514,
4515,
4516,
4517,
4518,
4519,
4520,
4521,
4522,
4523,
4524,
4525,
4526,
4527,
4528,
4529,"['320 metre', '12.6 inch', '165 metre', '360 metre', '10.2 inch', '6.5 inch']"
4530,"['320 metre', '12.6 inch', '165 metre', '360 metre', '10.2 inch', '6.5 inch']"
4531,['1.96 inch']
4532,['1.96 inch']
4533,
4534,['3 inch']
4535,
4536,
4537,"['4 gram', '3 gram', '3 gram', '2 gram', '200 milligram']"
4538,['6.1 inch']
4539,['6.1 inch']
4540,
4541,
4542,['4 metre']
4543,
4544,
4545,
4546,['150 gram']
4547,['2 inch']
4548,['2 inch']
4549,
4550,['5 pound']
4551,['7.86 inch']
4552,
4553,
4554,
4555,
4556,
4557,"['5.1 inch', '7.4 inch']"
4558,"['5.1 inch', '7.4 inch']"
4559,"['5.1 inch', '7.4 inch']"
4560,
4561,
4562,
4563,
4564,
4565,
4566,
4567,
4568,
4569,
4570,"['70 metre', '2.8 inch', '48.5 metre', '1.9 inch', '15 metre', '0.6 inch', '40 metre', '1.6 inch']"
4571,
4572,
4573,
4574,['3.35 inch']
4575,
4576,
4577,
4578,
4579,['55 metre']
4580,['55 metre']
4581,
4582,
4583,
4584,
4585,
4586,
4587,
4588,
4589,
4590,
4591,
4592,"['2 gram', '32 gram']"
4593,
4594,
4595,['3.9 inch']
4596,['22.7 metre']
4597,['22.7 metre']
4598,['6.7 kilogram']
4599,['36.5 metre']
4600,['36.5 metre']
4601,['36.5 metre']
4602,
4603,['400 pound']
4604,
4605,
4606,
4607,
4608,
4609,
4610,"['35.4 inch', '5 inch']"
4611,"['35.4 inch', '5 inch']"
4612,
4614,
4615,"['4.5 inch', '1.7 inch', '3.3 inch']"
4616,['1.9 inch']
4617,
4618,
4619,['2 gram']
4620,
4621,
4622,['3.0 inch']
4623,
4624,
4625,
4626,"['24 inch', '1.57 inch']"
4627,"['6.30 inch', '8.66 inch', '5.12 inch']"
4628,
4629,
4630,
4631,
4632,
4633,
4634,
4635,
4636,
4637,
4638,
4639,
4640,"['7.86 inch', '3.34 inch']"
4641,"['7.86 inch', '3.34 inch']"
4642,
4643,['4.3 inch']
4644,['4.3 inch']
4645,['350 metre']
4646,['350 metre']
4647,['350 metre']
4648,['350 metre']
4649,
4650,['0.67 inch']
4651,
4652,
4653,
4654,['550 pound']
4655,
4656,
4657,"['332 metre', '207 metre', '50 metre']"
4658,"['332 metre', '207 metre', '50 metre']"
4659,
4660,['7 kilogram']
4661,
4662,
4663,
4664,
4665,
4666,
4667,
4668,
4669,['18 inch']
4670,['18 inch']
4671,
4672,
4673,
4674,
4675,"['10 gram', '20 gram', '65 gram', '20 gram', '240 milligram', '2 gram']"
4676,
4677,"['1.77 inch', '2.75 inch']"
4678,
4679,['15 inch']
4680,"['4 ounce', '21 gram']"
4681,
4682,
4683,
4684,
4685,
4686,
4687,
4688,['27.6 inch']
4689,['4.1 inch']
4690,['4.1 inch']
4691,
4692,
4693,"['23 inch', '23.23 inch', '163 inch']"
4694,
4695,"['13.8 inch', '11.0 inch']"
4696,"['13.8 inch', '11.0 inch']"
4697,
4698,
4699,
4700,
4701,
4702,
4703,
4704,
4705,
4706,
4707,
4708,
4709,
4710,
4711,
4712,
4713,
4714,['330 pound']
4715,
4716,['5.51 inch']
4717,['5.51 inch']
4718,"['3.4 inch', '3.2 inch']"
4719,
4720,['15 pound']
4721,
4722,
4723,
4724,
4725,"['4.7 inch', '1.9 inch']"
4726,"['4.7 inch', '1.9 inch']"
4727,
4728,
4729,
4730,
4731,
4732,
4733,
4734,
4735,"['6.88 inch', '2.99 inch']"
4736,"['6.88 inch', '2.99 inch']"
4737,"['11.79 inch', '6.29 inch']"
4738,"['11.79 inch', '6.29 inch']"
4739,
4740,
4741,['1 kilogram']
4742,['1 kilogram']
4743,
4744,
4745,
4746,
4747,['3.07 inch']
4748,['3.07 inch']
4749,['12 volt']
4750,"['129 inch', '12 inch', '55 inch', '113 inch']"
4751,
4752,
4753,
4754,
4755,
4756,
4757,
4758,
4759,
4760,"['20 metre', '8.66 inch']"
4761,
4762,['16.3 kilogram']
4763,
4764,
4765,['1.38 inch']
4766,['1.38 inch']
4767,
4768,
4769,
4770,
4771,
4772,
4773,
4774,
4775,
4776,
4777,
4778,
4779,['24 inch']
4780,
4781,
4782,"['380 metre', '930 metre']"
4783,
4784,
4785,
4786,
4787,
4788,
4789,
4790,['600 watt']
4791,['220 volt']
4792,['85 volt']
4793,
4794,
4795,
4796,
4797,
4798,
4799,"['45 metre', '1.76 inch', '36 metre', '1.4 inch']"
4800,"['45 metre', '1.76 inch', '36 metre', '1.4 inch']"
4801,"['45 metre', '1.76 inch', '36 metre', '1.4 inch']"
4802,
4803,
4804,['15.7 inch']
4805,
4806,['175 kilogram']
4807,
4808,
4809,
4810,"['42 inch', '18 inch']"
4811,"['42 inch', '18 inch']"
4812,['125 metre']
4813,['125 metre']
4814,
4815,"['7.20 metre', '400 metre']"
4816,['100 metre']
4817,
4818,['1.49 inch']
4819,['1.49 inch']
4820,
4821,['0.98 inch']
4822,['0.98 inch']
4823,['0.98 inch']
4824,"['3.1 inch', '4.2 inch']"
4825,"['3.1 inch', '4.2 inch']"
4826,
4827,"['1.37 inch', '5.98 inch']"
4828,"['1.37 inch', '5.98 inch']"
4829,
4830,
4831,['7.08 inch']
4832,['7.08 inch']
4833,['7.08 inch']
4834,
4835,"['29 metre', '1.14 inch']"
4836,"['29 metre', '1.14 inch']"
4837,
4838,
4839,
4840,
4841,
4842,
4843,
4844,
4845,
4846,
4847,
4848,
4849,
4850,
4851,
4852,['130 metre']
4853,['130 metre']
4854,
4855,['292 metre']
4856,['292 metre']
4857,
4858,
4859,['1500 watt']
4860,
4861,
4862,
4863,
4864,
4865,
4866,
4867,
4868,
4869,['7 ounce']
4870,
4871,
4872,
4873,
4874,
4875,
4876,
4877,
4878,['10 volt']
4879,
4880,
4881,
4882,
4883,
4884,
4885,
4886,
4887,
4888,['13 gram']
4889,
4890,['12 watt']
4891,['454 gram']
4892,
4893,
4894,
4895,
4896,
4897,
4898,['800 watt']
4899,
4900,
4901,
4902,
4903,
4904,
4905,
4906,
4907,
4908,['7 gram']
4909,['3.5 inch']
4910,"['4.89 inch', '1.89 inch']"
4911,"['4.89 inch', '1.89 inch']"
4912,"['4.89 inch', '1.89 inch']"
4913,
4914,
4915,
4916,
4917,
4918,"['1.2 inch', '12 inch']"
4919,"['1.2 inch', '12 inch']"
4920,"['1.2 inch', '12 inch']"
4921,
4922,['7.87 inch']
4923,['7.87 inch']
4924,"['60 metre', '240 metre', '500 metre', '84 metre']"
4925,
4926,
4927,
4928,
4929,
4930,['175 pound']
4931,
4932,
4933,['2.4 gram']
4934,
4935,
4936,
4937,
4938,['500 gram']
4939,
4940,['2 volt']
4941,
4942,
4943,
4944,
4945,
4946,
4947,['8 ounce']
4948,['85 metre']
4949,
4950,"['3 metre', '3.94 inch', '100 metre']"
4951,"['3 metre', '3.94 inch', '100 metre']"
4952,
4953,
4954,['80 pound']
4955,['6.8 inch']
4956,
4957,
4958,['2.83 inch']
4959,['2.83 inch']
4960,"['1.57 inch', '10.24 inch', '3.07 inch']"
4961,"['1.57 inch', '10.24 inch', '3.07 inch']"
4962,"['1.57 inch', '10.24 inch', '3.07 inch']"
4963,
4964,
4965,
4966,
4967,
4968,['67 metre']
4969,"['810 metre', '510 metre']"
4970,"['810 metre', '510 metre']"
4971,
4972,
4973,
4974,
4975,"['25 gram', '0.88 ounce']"
4976,
4977,
4978,
4979,
4980,
4981,
4982,
4983,
4984,
4985,
4986,['44 watt']
4987,
4988,"['13.78 inch', '2.95 inch']"
4989,['2.68 inch']
4990,['2.68 inch']
4991,
4992,['250 watt']
4993,
4994,
4995,
4996,
4997,
4998,
4999,
5000,
5001,
5002,
5003,
5004,
5005,
5006,
5007,
5008,
5009,
5010,
5011,
5012,
5013,['15 pound']
5014,['9.1 inch']
5015,['9.1 inch']
5016,
5017,
5018,
5019,['090 metre']
5020,
5021,
5022,
5023,
5024,['0.59 inch']
5025,['0.59 inch']
5026,['9 metre']
5027,['9 metre']
5028,
5029,
5030,
5031,
5032,
5033,['60 watt']
5034,['38 inch']
5035,['38 inch']
5036,
5037,
5038,['7.87 inch']
5039,['7.87 inch']
5040,['7.87 inch']
5041,
5042,['26.4 inch']
5043,['2.16 inch']
5044,
5045,
5046,
5047,
5048,
5049,['1200 watt']
5050,
5051,"['1.16 ounce', '83 gram', '8.12 ounce', '231 gram']"
5052,
5053,
5054,['250 metre']
5055,['250 metre']
5056,
5057,
5058,
5059,
5060,
5061,
5062,
5063,
5064,
5065,
5066,
5067,
5068,
5069,['3.94 inch']
5070,['3.94 inch']
5071,
5072,['13.5 inch']
5073,['13.5 inch']
5074,['13.5 inch']
5075,
5076,
5077,
5078,
5079,
5080,
5081,['3.94 inch']
5082,['3.94 inch']
5083,['3.94 inch']
5084,
5085,
5086,
5087,
5088,"['7.20 inch', '4.13 inch']"
5089,"['7.20 inch', '4.13 inch']"
5090,
5091,
5092,['2.1 inch']
5093,['2.1 inch']
5094,['6 kilogram']
5095,
5096,['200 watt']
5097,
5098,"['33 inch', '9.8 inch']"
5099,"['33 inch', '9.8 inch']"
5100,
5101,
5102,
5103,
5104,
5105,"['50 metre', '280 metre', '80 metre']"
5106,
5107,
5108,"['2.9 inch', '1.3 inch']"
5109,"['2.9 inch', '1.3 inch']"
5110,
5111,
5112,
5113,
5114,['0.55 pound']
5115,
5116,
5117,"['60 metre', '64 metre', '42 metre']"
5118,['150 kilogram']
5119,['33 inch']
5120,['33 inch']
5121,
5122,
5123,
5124,
5125,
5126,
5127,
5128,
5129,
5130,
5131,
5132,
5133,
5134,
5135,
5136,
5137,
5138,
5139,
5140,
5141,
5142,"['7.1 inch', '6.3 inch']"
5143,"['7.1 inch', '6.3 inch']"
5144,
5145,"['1.8 inch', '1.7 inch']"
5146,"['1.8 inch', '1.7 inch']"
5147,
5148,
5149,
5150,
5151,
5152,['19.6 inch']
5153,
5154,"['18 volt', '18 volt']"
5155,
5156,
5157,
5158,
5159,
5160,
5161,
5162,
5163,
5164,
5165,['20 gram']
5166,
5167,
5168,['20 volt']
5169,
5170,
5171,['3 inch']
5172,['3 inch']
5173,
5174,"['3 inch', '55 inch']"
5175,
5176,
5177,
5178,
5179,
5180,
5181,['1.6 ounce']
5182,
5183,
5184,['350 gram']
5185,
5186,['300 kilogram']
5187,
5188,
5189,
5190,
5191,
5192,
5193,
5194,
5195,
5196,['1000 watt']
5197,['19 kilogram']
5198,['3000 watt']
5199,
5200,
5201,
5202,
5203,
5204,
5205,['1300 watt']
5206,
5207,
5208,
5209,"['2 gram', '32 gram']"
5210,['110 kilogram']
5211,
5212,
5213,['176 gram']
5214,
5215,['30 kilogram']
5216,"['10 inch', '8 inch', '4 inch', '6 inch']"
5217,"['10 inch', '8 inch', '4 inch', '6 inch']"
5218,
5219,
5220,
5221,
5222,
5223,
5224,
5225,
5226,
5227,
5228,
5229,
5230,
5231,"['40 kilogram', '10 gram', '30 gram']"
5232,"['3.1 inch', '5.5 inch']"
5233,"['3.1 inch', '5.5 inch']"
5234,"['3.1 inch', '5.5 inch']"
5235,
5236,
5237,
5238,
5239,['3.9 inch']
5240,['3.9 inch']
5241,
5242,"['1.57 inch', '1.18 inch', '0.78 inch']"
5243,"['1.57 inch', '1.18 inch', '0.78 inch']"
5244,['175 gram']
5245,
5246,
5247,['2.67 inch']
5248,['2.67 inch']
5249,
5250,
5251,
5252,['100 gram']
5253,
5254,['75 inch']
5255,['75 inch']
5256,['75 inch']
5257,
5258,
5259,['450 watt']
5260,['120 volt']
5261,
5262,
5263,
5264,
5265,
5266,['7.86 inch']
5267,['7.86 inch']
5268,['7.86 inch']
5269,
5270,['10 kilogram']
5271,
5272,
5273,
5274,"['925 inch', '2.8 inch']"
5275,
5276,
5277,
5278,
5279,
5280,
5281,
5282,
5283,
5284,
5285,
5286,['1500 watt']
5287,
5288,
5289,
5290,
5291,"['95 metre', '200 metre']"
5292,"['95 metre', '200 metre']"
5293,"['95 metre', '200 metre']"
5294,
5295,
5296,
5297,
5298,
5299,
5300,
5301,
5302,
5303,['16.4 kilogram']
5304,
5305,
5306,
5307,['17 inch']
5308,['17 inch']
5309,['17 inch']
5310,['6.7 ounce']
5311,['1 gram']
5312,
5313,
5314,
5315,
5316,['1.0 metre']
5317,"['190 metre', '1580 metre', '240 metre']"
5318,
5319,
5320,
5321,
5322,
5323,"['12 volt', '12 volt']"
5324,
5325,
5326,
5327,
5328,
5329,
5330,"['2.6 inch', '2.6 inch']"
5331,"['2.6 inch', '2.6 inch']"
5332,
5333,
5334,
5335,
5336,['112 gram']
5337,
5338,
5339,
5340,
5341,
5342,
5343,['5.0 inch']
5344,['9.84 inch']
5345,['9.84 inch']
5346,
5347,
5348,
5349,
5350,
5351,
5352,
5353,
5354,
5355,
5356,
5357,
5358,['11.0 kilogram']
5359,['3.14 inch']
5360,['3.14 inch']
5361,
5362,
5363,
5364,"['200 pound', '200 pound']"
5365,"['1.25 pound', '15 pound']"
5366,['138 gram']
5367,"['110 metre', '170 metre', '150 metre', '100 metre']"
5368,"['110 metre', '170 metre', '150 metre', '100 metre']"
5369,
5370,['27 pound']
5371,
5372,
5373,
5374,['5.41 inch']
5375,['2.5 inch']
5376,['2.5 inch']
5377,"['3.94 inch', '12.80 inch', '4.53 inch']"
5378,['220 pound']
5379,
5380,
5381,
5382,['2 inch']
5383,
5384,
5385,
5386,
5387,"['9.4 inch', '17.7 inch']"
5388,"['9.4 inch', '17.7 inch']"
5389,['1.97 inch']
5390,['1.97 inch']
5391,"['8.65 inch', '8.25 inch']"
5392,"['8.65 inch', '8.25 inch']"
5393,
5394,
5395,
5396,"['20 metre', '17 metre', '13 metre', '13 metre', '20 metre', '17 metre', '7 metre', '6 metre']"
5397,
5398,
5399,
5400,
5401,
5402,
5403,
5404,
5405,
5406,
5407,['120 volt']
5408,"['5.4 inch', '2.75 inch', '2 inch', '42 inch', '29.9 inch']"
5409,"['2.36 inch', '4.72 inch']"
5410,"['2.36 inch', '4.72 inch']"
5411,"['45 metre', '1.77 inch', '62 metre', '2.44 inch']"
5412,"['45 metre', '1.77 inch', '62 metre', '2.44 inch']"
5413,['6.3 inch']
5414,
5415,['10 watt']
5416,
5417,
5418,"['420 metre', '81 metre']"
5419,"['420 metre', '81 metre']"
5420,['78 gram']
5421,
5422,['4.3 inch']
5423,['4.3 inch']
5424,['4.3 inch']
5425,"['60 metre', '30 metre']"
5426,
5427,
5428,
5429,
5430,
5431,"['3.9 inch', '47.2 inch', '5.5 inch']"
5432,['8.7 kilogram']
5433,['2 metre']
5434,['2 metre']
5435,['2 metre']
5436,
5437,
5438,
5439,
5440,
5441,"['3.9 inch', '7 inch']"
5442,"['3.9 inch', '7 inch']"
5443,
5444,
5445,
5446,
5447,
5448,
5449,
5450,
5451,"['47 inch', '419 metre', '2.9 inch', '75 metre', '0.3 inch', '8 metre']"
5452,
5453,
5454,
5455,
5456,
5457,
5458,['8 inch']
5459,['1300 watt']
5460,
5461,"['4.13 inch', '0.9 inch']"
5462,"['6 inch', '6.02 inch', '3.66 inch']"
5463,
5464,
5465,['45 watt']
5466,['22 pound']
5467,
5468,
5469,
5470,
5471,
5472,
5473,
5474,
5475,['150 kilogram']
5476,['2500 pound']
5477,['66 metre']
5478,['66 metre']
5479,
5480,
5481,
5482,['8 inch']
5483,['8 inch']
5484,['300 watt']
5485,
5486,"['381 metre', '188 metre', '51 metre']"
5487,"['381 metre', '188 metre', '51 metre']"
5488,['0.6 kilogram']
5489,
5490,
5491,
5492,['265 pound']
5493,
5494,['6.8 inch']
5495,['6.8 inch']
5496,['3.3 inch']
5497,
5498,
5499,
5500,
5501,
5502,['280 millilitre']
5503,['39.3 inch']
5504,['39.3 inch']
5505,
5506,
5507,
5508,
5509,
5510,"['5.1 inch', '9.6 inch']"
5511,"['5.1 inch', '9.6 inch']"
5512,
5513,
5514,
5515,['300 metre']
5516,['300 metre']
5517,['300 metre']
5518,
5519,['11.81 inch']
5520,['11.81 inch']
5521,['11.81 inch']
5522,
5523,
5524,
5525,"['330 metre', '515 metre']"
5526,"['330 metre', '515 metre']"
5527,
5528,
5529,
5530,['5.5 inch']
5531,['5.5 inch']
5532,
5533,
5534,
5535,
5536,
5537,
5538,
5539,
5540,
5541,['20 metre']
5542,['20 metre']
5543,['20 metre']
5544,
5545,
5546,
5547,"['5.31 inch', '8.25 inch']"
5548,['2 inch']
5549,['2 inch']
5550,
5551,
5552,
5553,
5554,
5555,"['275 metre', '40 metre', '109 metre']"
5556,['12 volt']
5557,
5558,
5559,"['24 inch', '23.8 inch', '1.8 inch', '0.6 inch', '7.87 inch']"
5560,"['2 gram', '32 gram']"
5561,
5562,
5563,
5564,
5565,['11 metre']
5566,
5567,
5568,
5569,
5570,
5571,
5572,
5573,
5574,['150 kilogram']
5575,
5576,
5577,
5578,
5579,
5580,
5581,"['136 metre', '44 metre', '36 metre']"
5582,
5583,
5584,
5585,"['1600 watt', '1800 watt', '1800 watt']"
5586,"['4.92 inch', '0.591 inch', '2.56 inch']"
5587,"['4.92 inch', '0.591 inch', '2.56 inch']"
5588,['5.12 inch']
5589,
5590,
5591,
5592,
5593,['55 inch']
5594,['55 inch']
5595,['200 pound']
5596,['220 pound']
5597,"['4.7 inch', '59.1 inch', '5.9 inch', '11.8 inch']"
5598,"['4.7 inch', '59.1 inch', '5.9 inch', '11.8 inch']"
5599,"['72 metre', '120 metre', '37 metre']"
5600,
5601,
5602,
5603,"['7.28 inch', '1.38 inch']"
5604,
5605,
5606,
5607,
5608,
5609,"['3.3 inch', '8.1 inch']"
5610,"['3.3 inch', '8.1 inch']"
5611,"['3.3 inch', '8.1 inch']"
5612,
5613,
5614,
5615,
5616,
5617,
5618,
5619,
5620,['520 gram']
5621,"['25.6 inch', '13.8 inch', '1.06 inch']"
5622,
5623,
5624,
5625,
5626,
5627,
5628,
5629,
5630,['1.6 inch']
5631,['1.6 inch']
5632,
5633,
5634,
5635,
5636,
5637,['4.9 inch']
5638,
5639,
5640,
5641,
5642,
5643,['3.14 inch']
5644,['3.14 inch']
5645,
5646,
5647,
5648,['3.54 inch']
5649,['3.54 inch']
5650,['500 metre']
5651,['500 metre']
5652,
5653,
5654,
5655,['260 pound']
5656,
5657,['8 watt']
5658,
5659,
5660,
5661,['3.93 inch']
5662,['3.93 inch']
5663,['3.93 inch']
5664,['120 watt']
5665,
5666,
5667,['1450 watt']
5668,
5669,
5670,
5671,
5672,
5673,
5674,
5675,
5676,
5677,
5678,
5679,
5680,
5681,
5682,
5683,"['370 metre', '6.1 inch', '2.8 inch']"
5684,"['370 metre', '6.1 inch', '2.8 inch']"
5685,
5686,
5687,
5688,
5689,
5690,
5691,
5692,['220 volt']
5693,['1400 watt']
5694,
5695,
5696,['3.9 inch']
5697,
5698,['162 metre']
5699,['162 metre']
5700,['3.5 inch']
5701,['2.75 inch']
5702,['2.75 inch']
5703,
5704,
5705,
5706,
5707,
5708,
5709,"['15.7 inch', '15.7 inch']"
5710,['200 metre']
5711,['200 metre']
5712,
5713,
5714,
5715,['115 volt']
5716,
5717,
5718,
5719,['100 kilogram']
5720,
5721,
5722,"['7.9 inch', '2.4 inch']"
5723,"['7.9 inch', '2.4 inch']"
5724,
5725,
5726,
5727,
5728,['1 metre']
5729,['150 kilogram']
5730,
5731,['65 pound']
5732,
5733,
5734,
5735,
5736,
5737,
5738,
5739,
5740,
5741,
5742,['12 volt']
5743,
5744,
5745,"['30 metre', '44 metre']"
5746,['0 metre']
5747,"['620 metre', '170 metre']"
5748,['4.6 pound']
5749,
5750,
5751,"['3.73 inch', '5.70 inch']"
5752,"['3.73 inch', '5.70 inch']"
5753,
5754,
5755,"['2.48 inch', '7.55 inch']"
5756,
5757,
5758,
5759,['177 millilitre']
5760,
5761,
5762,"['2 inch', '14 inch']"
5763,"['2 inch', '14 inch']"
5764,"['2 inch', '14 inch']"
5765,
5766,
5767,
5768,['150 metre']
5769,"['5.42 inch', '3.38 inch']"
5770,['80 pound']
5771,
5772,
5773,
5774,
5775,
5776,['0.31 inch']
5777,['0.31 inch']
5778,['2.6 inch']
5779,['2.6 inch']
5780,
5781,
5782,['50 metre']
5783,['50 metre']
5784,
5785,['3000 watt']
5786,['43 pound']
5787,"['5.12 inch', '000 metre', '13.98 inch', '0.43 inch', '1.1 metre']"
5788,"['5.12 inch', '000 metre', '13.98 inch', '0.43 inch', '1.1 metre']"
5789,
5790,"['13 inch', '4.13 inch']"
5791,
5792,
5793,
5794,['220 metre']
5795,
5796,"['125 milligram', '125 milligram', '23 gram', '3 gram']"
5797,
5798,
5799,
5800,
5801,
5802,
5803,['11.02 inch']
5804,
5805,
5806,
5807,"['7.27 inch', '10.22 inch']"
5808,"['7.27 inch', '10.22 inch']"
5809,
5810,
5811,"['7.1 inch', '7.1 inch']"
5812,"['7.1 inch', '7.1 inch']"
5813,
5814,
5815,
5816,
5817,
5818,['84.5 gram']
5819,
5820,
5821,['7.87 inch']
5822,['7.87 inch']
5823,['00 milligram']
5824,
5825,['200 metre']
5826,
5827,"['600 pound', '270 kilogram']"
5828,
5829,
5830,['745 pound']
5831,['3.14 inch']
5832,['3.14 inch']
5833,
5834,
5835,
5836,
5837,
5838,
5839,
5840,
5841,
5842,
5843,
5844,
5845,
5846,"['4.13 inch', '4.64 inch']"
5847,"['4.13 inch', '4.64 inch']"
5848,
5849,
5850,
5851,['0 gram']
5852,"['10.6 inch', '8.2 inch']"
5853,"['10.6 inch', '8.2 inch']"
5854,['43 inch']
5855,['43 inch']
5856,
5857,
5858,
5859,
5860,
5861,
5862,
5863,['0.4 kilogram']
5864,
5865,
5866,
5867,
5868,
5869,
5870,
5871,['25 kilogram']
5872,
5873,
5874,
5875,['285 pound']
5876,
5877,
5878,
5879,
5880,
5881,['7.5 metre']
5882,['7.5 metre']
5883,['100 kilogram']
5884,['100 kilogram']
5885,
5886,
5887,"['205 metre', '110 metre', '302 metre', '240 metre', '50 metre', '32 metre']"
5888,
5889,"['108 metre', '4.3 inch', '76 metre', '3 inch', '30 metre', '1.2 inch']"
5890,['30 metre']
5891,
5892,
5893,
5894,
5895,
5896,
5897,
5898,
5899,
5900,
5901,
5902,['150 gram']
5903,
5904,
5905,"['8.45 inch', '4.72 inch']"
5906,"['8.45 inch', '4.72 inch']"
5907,
5908,
5909,
5910,['2 inch']
5911,
5912,
5913,
5914,
5915,
5916,
5917,
5918,
5919,
5920,"['21.5 kilogram', '150 kilogram']"
5921,
5922,
5923,
5924,
5925,
5926,
5927,
5928,
5929,
5930,
5931,['18 gram']
5932,
5933,
5934,"['7.95 inch', '2.08 inch']"
5935,"['7.95 inch', '2.08 inch']"
5936,
5937,
5938,
5939,
5940,['5 volt']
5941,"['3.07 inch', '0.59 inch']"
5942,
5943,
5944,
5945,
5946,
5947,
5948,['2200 metre']
5949,"['27.3 inch', '27.3 inch', '50.7 inch']"
5950,
5951,
5952,
5953,
5954,"['1000 metre', '4.6 inch', '14.8 inch']"
5955,
5956,
5957,['250 pound']
5958,['12 kilogram']
5959,
5960,
5961,['24 volt']
5962,
5963,
5964,['23.6 inch']
5965,
5966,
5967,['1200 watt']
5968,['7.0 inch']
5969,
5970,['4 ounce']
5971,
5972,
5973,
5974,
5975,
5976,
5977,
5978,
5979,
5980,
5981,
5982,
5983,
5984,
5985,
5986,['3.14 inch']
5987,['3.14 inch']
5988,
5989,
5990,
5991,
5992,
5993,
5994,
5995,
5996,['1.6 inch']
5997,['1.6 inch']
5998,
5999,
6000,['3.1 inch']
6001,['3.1 inch']
6002,
6003,
6004,
6005,
6006,
6007,
6008,
6009,
6010,['47.16 inch']
6011,['47.16 inch']
6012,
6013,
6014,
6015,
6016,
6017,"['4 inch', '3 inch']"
6018,"['4 inch', '3 inch']"
6019,
6020,"['67 inch', '6.5 metre', '2.6 inch']"
6021,"['67 inch', '6.5 metre', '2.6 inch']"
6022,
6023,
6024,
6025,
6026,
6027,
6028,
6029,
6030,
6031,"['10 metre', '0 metre', '10 metre', '0 metre']"
6032,
6033,
6034,
6035,['0.79 inch']
6036,
6037,
6038,
6039,['12 volt']
6040,
6041,
6042,
6043,
6044,['2 volt']
6045,
6046,['6.1 inch']
6047,
6048,
6049,['300 pound']
6050,
6051,
6052,
6053,
6054,['3 watt']
6055,
6056,['50 metre']
6057,['12 inch']
6058,['12 inch']
6059,['12 inch']
6060,
6061,['3 inch']
6062,['3 inch']
6063,['3 inch']
6064,
6065,
6066,
6067,['9295 metre']
6068,
6069,
6070,
6071,['75 gram']
6072,['550 pound']
6073,
6074,"['7.2 inch', '4.7 inch']"
6075,"['7.2 inch', '4.7 inch']"
6076,['90 pound']
6077,"['6.2 inch', '3.7 inch']"
6078,"['6.2 inch', '3.7 inch']"
6079,
6080,
6081,
6082,
6083,
6084,"['3.8 inch', '3.2 inch']"
6085,"['3.8 inch', '3.2 inch']"
6086,"['120 metre', '260 metre']"
6087,['6.29 inch']
6088,['6.29 inch']
6089,
6090,"['3.86 inch', '5.51 inch']"
6091,['40 gram']
6092,"['15 metre', '0.6 inch', '86 metre', '3.4 inch', '25 metre', '1.0 inch', '86 metre', '13.4 inch']"
6093,['4.72 inch']
6094,['4.72 inch']
6095,
6096,['90 gram']
6097,
6098,
6099,
6100,
6101,
6102,
6103,
6104,
6105,
6106,
6107,
6108,
6109,
6110,
6111,
6112,['00 watt']
6113,
6114,
6115,"['5 metre', '1.97 inch']"
6116,"['5 metre', '1.97 inch']"
6117,"['5 metre', '1.97 inch']"
6118,['5 metre']
6119,['5 metre']
6120,
6121,
6122,
6123,
6124,
6125,['23 kilogram']
6126,
6127,
6128,
6129,['1 watt']
6130,
6131,
6132,
6133,
6134,
6135,"['2.75 inch', '3.25 inch', '11.5 inch', '5.4 inch']"
6136,
6137,
6138,['765 metre']
6139,"['5.9 inch', '8.3 inch']"
6140,"['5.9 inch', '8.3 inch']"
6141,
6142,
6143,
6144,
6145,['200 pound']
6146,
6147,
6148,
6149,['7.86 inch']
6150,"['120 metre', '4.72 inch', '1.38 inch', '14.56 inch', '56 metre']"
6151,
6152,
6153,
6154,
6155,
6156,
6157,
6158,
6159,
6160,['250 kilogram']
6161,['250 kilogram']
6162,"['4 watt', '15 watt']"
6163,
6164,
6165,
6166,
6167,
6168,
6169,
6170,"['220 volt', '240 volt']"
6171,
6172,
6173,
6174,['200 metre']
6175,"['35 metre', '175 metre', '76 metre', '54 metre']"
6176,['1.57 inch']
6177,['1.57 inch']
6178,['1 gram']
6179,
6180,
6181,
6182,
6183,"['00 metre', '15.1 inch']"
6184,"['00 metre', '15.1 inch']"
6185,"['254 inch', '750 metre']"
6186,"['254 inch', '750 metre']"
6187,
6188,"['4.91 inch', '2.95 inch', '7.5 metre']"
6189,"['35 metre', '1.37 inch']"
6190,"['35 metre', '1.37 inch']"
6191,"['35 metre', '1.37 inch']"
6192,
6193,
6194,
6195,
6196,
6197,
6198,
6199,
6200,
6201,
6202,
6203,
6204,
6205,"['10 inch', '6.8 inch', '14 inch']"
6206,['655 metre']
6207,['655 metre']
6208,"['5 inch', '0.2 inch', '7.2 inch']"
6209,['2.6 inch']
6210,['2.6 inch']
6211,
6212,
6213,
6214,
6215,"['100 metre', '3.9 inch', '100 metre', '3.9 inch']"
6216,"['100 metre', '3.9 inch', '100 metre', '3.9 inch']"
6217,
6218,['0.20 inch']
6219,['0.20 inch']
6220,
6221,
6222,"['5.1 inch', '3.0 inch']"
6223,"['5.1 inch', '3.0 inch']"
6224,"['5.1 inch', '3.0 inch']"
6225,
6226,
6227,
6228,
6229,
6230,
6231,
6232,
6233,"['4.25 inch', '4.82 inch']"
6234,"['4.25 inch', '4.82 inch']"
6235,"['4.25 inch', '4.82 inch']"
6236,['20 foot']
6237,['20 foot']
6238,
6239,
6240,
6241,
6242,
6243,"['5.9 inch', '8.3 inch']"
6244,"['5.9 inch', '8.3 inch']"
6245,['59 inch']
6246,['59 inch']
6247,['59 inch']
6248,
6249,
6250,"['4.8 inch', '3.3 inch', '5 inch']"
6251,['400 milligram']
6252,
6253,
6254,
6255,['101.5 inch']
6256,['105 metre']
6257,
6258,
6259,
6260,
6261,
6262,
6263,['320 pound']
6264,"['1.4 inch', '1.5 inch', '1 inch']"
6265,
6266,
6267,
6268,
6269,
6270,
6271,
6272,
6273,"['3 inch', '43 inch', '140 metre']"
6274,
6275,
6276,
6277,
6278,
6279,"['100 kilogram', '22 pound', '10 kilogram']"
6280,
6281,"['116 metre', '99 metre', '87 metre']"
6282,"['116 metre', '99 metre', '87 metre']"
6283,
6284,['3.93 inch']
6285,['3.93 inch']
6286,"['17 inch', '40 inch']"
6287,"['17 inch', '40 inch']"
6288,['31.7 kilogram']
6289,"['8.84 inch', '11.0 inch']"
6290,"['8.84 inch', '11.0 inch']"
6291,
6292,
6293,
6294,"['64 inch', '21 inch']"
6295,"['64 inch', '21 inch']"
6296,"['24 inch', '24 inch', '24 inch']"
6297,['4 gram']
6298,
6299,
6300,
6301,
6302,
6303,
6304,
6305,['17 watt']
6306,['350 metre']
6307,
6308,"['3 metre', '11.4 inch']"
6309,['58 metre']
6310,['58 metre']
6311,
6312,
6313,
6314,
6315,"['10 inch', '0.51 inch']"
6316,"['10 inch', '0.51 inch']"
6317,"['10 inch', '0.51 inch']"
6318,"['5.11 inch', '7.48 inch']"
6319,"['5.11 inch', '7.48 inch']"
6320,
6321,
6322,
6323,
6324,
6325,
6326,
6327,"['7 inch', '3.1 inch']"
6328,"['7 inch', '3.1 inch']"
6329,"['7 inch', '3.1 inch']"
6330,"['7.1 inch', '1.6 inch', '6.3 inch']"
6331,
6332,
6333,
6334,
6335,
6336,['20.5 inch']
6337,['20.5 inch']
6338,['20.5 inch']
6339,
6340,
6341,
6342,
6343,
6344,
6345,"['10 inch', '0 inch']"
6346,"['10 inch', '0 inch']"
6347,"['10 inch', '0 inch']"
6348,
6349,
6350,"['16 inch', '4 inch', '70 metre']"
6351,"['16 inch', '4 inch', '70 metre']"
6352,
6353,"['1.4 inch', '0.8 inch']"
6354,"['1.4 inch', '0.8 inch']"
6355,
6356,
6357,
6358,
6359,['5.9 inch']
6360,['5.9 inch']
6361,
6362,
6363,
6364,['5.25 ounce']
6365,
6366,
6367,['12 volt']
6368,"['16 metre', '0.6 inch']"
6369,"['16 metre', '0.6 inch']"
6370,"['16 metre', '0.6 inch']"
6371,
6372,
6373,
6374,
6375,
6376,['300 pound']
6377,"['40 gram', '92 gram']"
6378,['650 watt']
6379,
6380,
6381,
6382,
6383,
6384,
6385,
6386,['33 pound']
6387,['42 volt']
6388,
6389,"['0.9 inch', '2.7 inch']"
6390,"['0.9 inch', '2.7 inch']"
6391,['11.02 inch']
6392,['11.02 inch']
6393,"['155 metre', '125 metre', '110 metre', '105 metre']"
6394,['15.94 inch']
6395,
6396,
6397,
6398,['5.6 inch']
6399,['5.6 inch']
6400,"['34.64 inch', '24.8 inch']"
6401,"['34.64 inch', '24.8 inch']"
6402,"['34.64 inch', '24.8 inch']"
6403,
6404,"['6 metre', '398 metre', '8 metre', '100 metre']"
6405,
6406,"['3.1 inch', '3.1 inch', '3.1 inch']"
6407,"['3.1 inch', '3.1 inch', '3.1 inch']"
6408,
6409,
6410,
6411,
6412,['76 kilogram']
6413,['5 inch']
6414,['5 inch']
6415,['5 inch']
6416,
6417,
6418,
6419,
6420,
6421,['4.5 inch']
6422,['4.5 inch']
6423,
6424,
6425,['1.4 metre']
6426,
6427,
6428,"['4.92 inch', '0.59 inch', '2.56 inch']"
6429,
6430,"['16 inch', '12 inch', '12.07 inch']"
6431,"['16 inch', '12 inch', '12.07 inch']"
6432,
6433,
6434,
6435,
6436,"['35 metre', '25 metre', '30 metre', '40 metre']"
6437,
6438,
6439,
6440,
6441,['47 inch']
6442,['47 inch']
6443,['47 inch']
6444,
6445,
6446,"['0.98 inch', '4.53 inch']"
6447,"['0.98 inch', '4.53 inch']"
6448,
6449,
6450,
6451,
6452,"['1045 metre', '125 metre']"
6453,
6454,['300 pound']
6455,
6456,
6457,
6458,
6459,
6460,['1.57 inch']
6461,['1.57 inch']
6462,['1.57 inch']
6463,
6464,['8.2 inch']
6465,['8.2 inch']
6466,
6467,
6468,
6469,
6470,
6471,
6472,"['80.0 metre', '3.1 inch']"
6473,"['80.0 metre', '3.1 inch']"
6474,"['80.0 metre', '3.1 inch']"
6475,
6476,
6477,"['1.3 inch', '3.2 metre', '0.8 inch']"
6478,"['1.3 inch', '3.2 metre', '0.8 inch']"
6479,
6480,
6481,
6482,
6483,
6484,
6485,['6 metre']
6486,['68 pound']
6487,"['1100 watt', '1100 watt', '1500 watt', '1200 watt']"
6488,
6489,
6490,"['4 inch', '177 metre']"
6491,"['4 inch', '177 metre']"
6492,
6493,
6494,['10.5 kilogram']
6495,['3.5 inch']
6496,['3.5 inch']
6497,"['53 metre', '202 metre', '59 metre']"
6498,"['53 metre', '202 metre', '59 metre']"
6499,
6500,
6501,
6502,
6503,['100 watt']
6504,
6505,['1 pound']
6506,"['2.9 inch', '4.7 inch', '2.3 inch']"
6507,
6508,
6509,
6510,
6511,
6512,
6513,
6514,
6515,
6516,['2.75 inch']
6517,['2.75 inch']
6518,
6519,
6520,"['9.84 inch', '13 inch']"
6521,"['9.84 inch', '13 inch']"
6522,
6523,
6524,
6525,
6526,
6527,['0.2 inch']
6528,['0.2 inch']
6529,['0.2 inch']
6530,['7.47 inch']
6531,['7.47 inch']
6532,
6533,"['1.044 volt', '225 volt']"
6534,
6535,
6536,
6537,
6538,
6539,
6540,
6541,
6542,
6543,
6544,
6545,['16.9 inch']
6546,
6547,
6548,
6549,
6550,
6551,
6552,
6553,
6554,
6555,
6556,
6557,
6558,
6559,"['5.5 inch', '14.17 inch']"
6560,"['5.5 inch', '14.17 inch']"
6561,
6562,
6563,
6564,
6565,
6566,
6567,
6568,
6569,
6570,
6571,['6.18 pound']
6572,
6573,
6574,"['0.98 inch', '1 inch', '1 inch']"
6575,
6576,
6577,
6578,"['3 foot', '6 foot', '4 foot', '7 foot', '2.5 foot', '6 foot']"
6579,['210 metre']
6580,
6581,
6582,
6583,
6584,
6585,
6586,
6587,
6588,
6589,
6590,
6591,
6592,
6593,
6594,['12 volt']
6595,
6596,['39 inch']
6597,
6598,['4.3 inch']
6599,['4.3 inch']
6600,['4.3 inch']
6601,
6602,
6603,['3.54 inch']
6604,['3.54 inch']
6605,
6606,
6607,
6608,"['1.18 inch', '8.46 inch']"
6609,"['1.18 inch', '8.46 inch']"
6610,['6.29 inch']
6611,['6.29 inch']
6612,
6613,"['2.0 inch', '2.0 inch']"
6614,"['2.0 inch', '2.0 inch']"
6615,
6616,
6617,
6618,
6619,
6620,
6621,
6622,
6623,
6624,
6625,
6626,
6627,
6628,
6629,
6630,
6631,
6632,
6633,"['115 metre', '130 metre']"
6634,"['115 metre', '130 metre']"
6635,"['330 millilitre', '2.208 litre']"
6636,
6637,
6638,
6639,
6640,"['137 metre', '5.4 inch', '50 metre', '2 inch', '49 metre', '1.9 inch']"
6641,"['137 metre', '5.4 inch', '50 metre', '2 inch', '49 metre', '1.9 inch']"
6642,
6643,
6644,
6645,
6646,
6647,['48 watt']
6648,
6649,
6650,
6651,
6652,
6653,
6654,
6655,
6656,['61 metre']
6657,['61 metre']
6658,['7.6 metre']
6659,
6660,
6661,['1.57 inch']
6662,['1.57 inch']
6663,['1.57 inch']
6664,
6665,
6666,
6667,
6668,
6669,['4.3 inch']
6670,
6671,['350 pound']
6672,
6673,
6674,
6675,
6676,
6677,['600 metre']
6678,"['11.8 inch', '11.8 inch']"
6679,"['11.8 inch', '11.8 inch']"
6680,"['11.8 inch', '11.8 inch']"
6681,
6682,
6683,"['4.92 inch', '2.56 inch']"
6684,['7 gram']
6685,
6686,
6687,['5.51 inch']
6688,
6689,['0 volt']
6690,['135 watt']
6691,
6692,
6693,
6694,
6695,
6696,
6697,
6698,
6699,
6700,
6701,"['3.9 inch', '5.9 inch']"
6702,"['3.9 inch', '5.9 inch']"
6703,
6704,
6705,['908 gram']
6706,"['15 inch', '482 metre', '385 inch']"
6707,"['90 metre', '46 metre']"
6708,
6709,"['3.7 inch', '1.2 inch']"
6710,"['3.7 inch', '1.2 inch']"
6711,
6712,
6713,['2.36 inch']
6714,['2.36 inch']
6715,['2.36 inch']
6716,
6717,
6718,"['850 metre', '430 metre']"
6719,
6720,
6721,
6722,
6723,
6724,
6725,
6726,['10.0 inch']
6727,['10.0 inch']
6728,"['90 metre', '190 metre']"
6729,['3.0 inch']
6730,
6731,['3.93 inch']
6732,['3.93 inch']
6733,['3.93 inch']
6734,
6735,
6736,
6737,
6738,"['5.1 inch', '18.5 inch']"
6739,"['4.7 inch', '16.5 inch']"
6740,"['4.7 inch', '16.5 inch']"
6741,
6742,
6743,
6744,
6745,
6746,['14.5 kilogram']
6747,"['54 inch', '108 inch']"
6748,"['54 inch', '108 inch']"
6749,['3 inch']
6750,['3 inch']
6751,
6752,
6753,
6754,
6755,
6756,
6757,['40 kilogram']
6758,
6759,
6760,
6761,"['11.2 inch', '11.2 inch']"
6762,"['11.2 inch', '11.2 inch']"
6763,
6764,
6765,['325 litre']
6766,
6767,
6768,
6769,
6770,['750 watt']
6771,['220 volt']
6772,
6773,
6774,
6775,
6776,
6777,"['360 pound', '2 gram']"
6778,
6779,
6780,
6781,
6782,
6783,
6784,
6785,"['4.9 inch', '7.8 inch', '3.6 inch', '1.4 inch']"
6786,
6787,
6788,
6789,
6790,
6791,
6792,['40 pound']
6793,['40 pound']
6794,['292 metre']
6795,['292 metre']
6796,['16 ounce']
6797,
6798,
6799,
6800,
6801,
6802,
6803,
6804,
6805,
6806,
6807,
6808,['4.7 inch']
6809,['4.7 inch']
6810,['4.7 inch']
6811,
6812,
6813,"['176 pound', '4 gram']"
6814,
6815,
6816,
6817,
6818,
6819,
6820,
6821,
6822,
6823,
6824,['30 watt']
6825,
6826,
6827,
6828,
6829,"['4 inch', '4 inch', '22 inch']"
6830,
6831,
6832,
6833,
6834,
6835,
6836,
6837,
6838,
6839,
6840,
6841,
6842,
6843,['110 watt']
6844,
6845,['1.6 inch']
6846,
6847,
6848,
6849,
6850,
6851,
6852,
6853,
6854,
6855,
6856,
6857,
6858,
6859,
6860,
6861,"['9 inch', '53 inch']"
6862,"['9 inch', '53 inch']"
6863,
6864,
6865,
6866,
6867,
6868,
6869,['4 watt']
6870,['120 volt']
6871,
6872,
6873,
6874,
6875,
6876,
6877,
6878,
6879,
6880,"['28.7 inch', '30.7 inch']"
6881,"['28.7 inch', '30.7 inch']"
6882,['4.52 inch']
6883,['4.52 inch']
6884,
6885,
6886,['600 millilitre']
6887,"['2.3 inch', '0.7 inch']"
6888,"['2.3 inch', '0.7 inch']"
6889,
6890,
6891,['250 gram']
6892,"['5.31 inch', '380 metre', '2.76 inch']"
6893,"['5.31 inch', '380 metre', '2.76 inch']"
6894,
6895,
6896,
6897,
6898,
6899,
6900,
6901,
6902,
6903,
6904,
6905,
6906,
6907,
6908,
6909,
6910,"['8.6 inch', '37 inch', '950 metre']"
6911,['5.1 inch']
6912,
6913,
6914,
6915,
6916,
6917,['2.75 inch']
6918,['8 inch']
6919,['8 inch']
6920,['9.1 inch']
6921,['9.1 inch']
6922,
6923,
6924,
6925,
6926,
6927,
6928,
6929,
6930,
6931,['30 pound']
6932,
6933,['24 kilogram']
6934,['10.6 inch']
6935,['10.6 inch']
6936,"['700 gram', '1.54 pound']"
6937,
6938,
6939,
6940,['20 metre']
6941,
6942,
6943,
6944,['136 gram']
6945,
6946,
6947,
6948,
6949,
6950,
6951,
6952,
6953,
6954,"['4.9 inch', '3.5 inch']"
6955,"['4.9 inch', '3.5 inch']"
6956,"['3.65 metre', '3.05 metre']"
6957,"['3.65 metre', '3.05 metre']"
6958,
6959,
6960,
6961,
6962,
6963,['5.12 inch']
6964,['5.12 inch']
6965,
6966,
6967,"['240 volt', '240 volt']"
6968,
6969,['142 gram']
6970,"['7.47 inch', '4.13 inch']"
6971,
6972,
6973,
6974,
6975,
6976,['471 gram']
6977,['115 volt']
6978,
6979,
6980,
6981,
6982,"['46 inch', '26 inch', '13 inch']"
6983,"['46 inch', '26 inch', '13 inch']"
6984,
6985,
6986,
6987,['33 pound']
6988,['13.7 inch']
6989,['13.7 inch']
6990,
6991,
6992,
6993,
6994,
6995,['120 volt']
6996,['00 watt']
